地段位置或門牌,總價(萬元),單價,總面積,主建物佔比,型態,樓別/樓高,交易筆棟數,建物現況格局,管理組織,電梯,交易年份
頂埔下２９號二樓之１６,230.0,21.9,10.5,64.26%,華廈(10層含以下有電梯),二層/三層,土:1 建:1車:0,1房0廳1衛,有,有,112
榜林６之１８號四樓,830.0,22.9,36.17,74.62%,華廈(10層含以下有電梯),四層/五層,土:3 建:1車:0,3房2廳2衛,無,有,112
榜林６之１７號二樓,895.0,25.2,35.48,75.70%,華廈(10層含以下有電梯),二層/五層,土:3 建:1車:0,3房2廳2衛,無,有,112
瓊安路１３０８號三樓,540.0,20.1,26.82,74.82%,華廈(10層含以下有電梯),三層/五層,土:1 建:1車:0,3房1廳2衛,無,有,112
榜林６之１５號三樓,828.0,22.9,36.17,74.62%,華廈(10層含以下有電梯),三層/五層,土:3 建:1車:0,3房2廳2衛,無,有,112
湖下２１３之５號,850.0,20.6,41.29,63.82%,公寓(5樓含以下無電梯),一層/三層,土:2 建:1車:1,3房2廳2衛,有,無,112
頂埔下２３之５號三樓,230.0,24.7,9.32,75.24%,公寓(5樓含以下無電梯),三層/三層,土:2 建:1車:0,1房1廳1衛,無,無,112
埔後３２之１號二樓之６,290.0,29.3,9.89,84.29%,公寓(5樓含以下無電梯),二層/三層,土:1 建:1車:0,1房1廳1衛,無,無,112
瓊安路１３００號三樓,680.0,22.3,30.56,75.55%,華廈(10層含以下有電梯),三層/五層,土:1 建:1車:0,3房2廳2衛,無,有,112
榜林６之１５號五樓,830.0,22.9,36.17,74.62%,華廈(10層含以下有電梯),五層/五層,土:3 建:1車:0,3房2廳2衛,無,有,112
中堡１之７號二樓,645.0,23.5,27.47,75.52%,華廈(10層含以下有電梯),二層/五層,土:2 建:1車:0,3房1廳2衛,無,有,112
下堡１００之１３號,2000.0,30.4,65.88,65.07%,公寓(5樓含以下無電梯),一層/三層,土:1 建:1車:1,4房0廳4衛,有,無,112
下堡１９３號三樓,260.0,23.5,11.07,80.22%,公寓(5樓含以下無電梯),三層/三層,土:1 建:1車:0,1房1廳1衛,無,無,112
嚨口３６號,565.0,22.0,25.74,89.25%,公寓(5樓含以下無電梯),一層/三層,土:1 建:1車:0,3房2廳2衛,無,無,112
榜林６之１７號三樓,895.0,25.2,35.48,75.70%,華廈(10層含以下有電梯),三層/五層,土:3 建:1車:0,3房2廳2衛,無,有,112
盤果路６９號二樓,910.0,24.3,37.44,73.70%,華廈(10層含以下有電梯),二層/四層,土:1 建:1車:0,3房2廳2衛,無,有,112
下堡１００之２９號三樓之１,175.0,23.8,7.34,78.15%,公寓(5樓含以下無電梯),三層/三層,土:1 建:1車:0,1房1廳1衛,無,無,112
榜林６之１７號,886.0,25.0,35.48,75.70%,華廈(10層含以下有電梯),一層/五層,土:3 建:1車:0,3房2廳2衛,無,有,111
榜林６之１８號五樓,920.0,25.4,36.17,74.62%,華廈(10層含以下有電梯),五層/五層,土:3 建:1車:0,3房2廳2衛,無,有,111
榜林６之１５號四樓,820.0,22.7,36.17,74.62%,華廈(10層含以下有電梯),四層/五層,土:3 建:1車:0,3房2廳2衛,無,有,111
下堡１００之２９號三樓之３,195.0,23.0,8.49,79.34%,公寓(5樓含以下無電梯),三層/三層,土:1 建:1車:0,1房1廳1衛,無,無,111
下堡１００之２８號三樓之２,173.0,23.2,7.47,78.30%,公寓(5樓含以下無電梯),三層/三層,土:1 建:1車:0,1房1廳1衛,無,無,111
前厝４６之８號,700.0,16.6,42.09,65.86%,華廈(10層含以下有電梯),一層/三層,土:1 建:1車:1,2房2廳2衛,有,有,111
下堡１００之２９號三樓之２,175.0,23.4,7.47,78.30%,公寓(5樓含以下無電梯),三層/三層,土:1 建:1車:0,1房1廳1衛,無,無,111
下堡１００之１７號三樓,300.0,17.1,17.49,64.75%,公寓(5樓含以下無電梯),三層/三層,土:1 建:1車:1,1房1廳1衛,有,無,111
盤果路６９號三樓,900.0,24.0,37.44,73.70%,公寓(5樓含以下無電梯),三層/四層,土:1 建:1車:0,3房2廳2衛,無,無,111
榜林６之１５號二樓,835.0,23.1,36.17,74.62%,華廈(10層含以下有電梯),二層/五層,土:3 建:1車:0,3房2廳2衛,無,有,111
榜林６之１６號五樓,825.0,23.3,35.48,75.70%,華廈(10層含以下有電梯),五層/五層,土:3 建:1車:0,3房2廳2衛,無,有,111
榜林６之１６號四樓,825.0,23.3,35.48,75.70%,華廈(10層含以下有電梯),四層/五層,土:3 建:1車:0,3房2廳2衛,無,有,111
湖下３０１之１號四樓,580.0,25.1,23.14,73.64%,華廈(10層含以下有電梯),四層/五層,土:1 建:1車:0,2房1廳1衛,有,有,111
榜林６之１６號三樓,820.0,23.1,35.48,75.70%,華廈(10層含以下有電梯),三層/五層,土:3 建:1車:0,3房2廳2衛,無,有,111
下堡１００之２５號三樓,175.0,18.8,9.31,85.05%,公寓(5樓含以下無電梯),三層/三層,土:1 建:1車:0,1房1廳1衛,無,無,111
西浦頭７５之５號二樓,605.0,20.8,29.08,82.75%,公寓(5樓含以下無電梯),二層/三層,土:1 建:1車:0,3房2廳2衛,無,無,111
榜林６之１７號四樓,825.0,23.3,35.48,75.70%,華廈(10層含以下有電梯),四層/五層,土:3 建:1車:0,3房2廳2衛,無,有,111
下堡１００之２３號,170.0,19.5,8.73,84.07%,公寓(5樓含以下無電梯),一層/三層,土:1 建:1車:0,1房1廳1衛,無,無,111
西堡３９之１１號,430.0,22.0,19.52,77.32%,華廈(10層含以下有電梯),一層/五層,土:1 建:1車:0,2房1廳1衛,有,有,111
瓊安路１３０８號五樓,620.0,21.6,31.13,74.82%,華廈(10層含以下有電梯),五層/五層,土:1 建:1車:1,3房2廳2衛,無,有,111
瓊安路１３０６號二樓之２,600.0,19.7,32.8,73.04%,華廈(10層含以下有電梯),二層/五層,土:1 建:1車:1,3房2廳2衛,無,有,111
頂堡５之９號二樓,820.0,19.1,42.93,59.88%,華廈(10層含以下有電梯),二層/六層,土:1 建:1車:0,3房1廳2衛,有,有,111
榜林６之１６號,875.0,24.7,35.48,75.70%,華廈(10層含以下有電梯),一層/五層,土:3 建:1車:0,3房2廳2衛,無,有,111
下堡１２０號二樓之２,530.0,22.7,23.33,72.54%,華廈(10層含以下有電梯),二層/五層,土:1 建:1車:0,3房2廳2衛,無,有,111
下堡１２０號四樓之５,660.0,22.5,29.28,67.21%,華廈(10層含以下有電梯),四層/五層,土:1 建:1車:0,3房2廳2衛,無,有,111
瓊安路１３００號五樓,750.0,24.5,30.56,75.55%,華廈(10層含以下有電梯),五層/五層,土:1 建:1車:0,3房2廳2衛,無,有,111
下堡２２９號三樓,464.0,18.7,24.78,76.62%,公寓(5樓含以下無電梯),三層/三層,土:1 建:1車:0,2房1廳1衛,有,無,111
下堡１００之２８號二樓之２,170.0,22.8,7.47,78.30%,公寓(5樓含以下無電梯),二層/三層,土:1 建:1車:0,1房1廳1衛,無,無,111
仁愛新６６之３號二樓,470.0,24.8,18.93,85.81%,公寓(5樓含以下無電梯),二層/三層,土:1 建:1車:0,2房1廳1衛,無,無,111
下堡１００之２８號三樓之１,175.0,23.8,7.34,78.15%,公寓(5樓含以下無電梯),三層/三層,土:1 建:1車:0,1房1廳1衛,無,無,111
下堡１００之２８號三樓之３,195.0,23.0,8.49,79.34%,公寓(5樓含以下無電梯),三層/三層,土:1 建:1車:0,1房1廳1衛,無,無,111
下堡１００之２９號三樓,205.0,21.3,9.62,81.85%,公寓(5樓含以下無電梯),三層/三層,土:1 建:1車:0,1房1廳1衛,無,無,111
安岐２３８之５號,598.0,19.8,30.2,85.04%,華廈(10層含以下有電梯),一層/五層,土:2 建:1車:0,3房2廳2衛,有,有,111
安岐２３８之３號三樓,608.0,17.6,34.45,78.21%,華廈(10層含以下有電梯),三層/五層,土:2 建:1車:0,3房2廳2衛,有,有,111
安岐２３８之５號四樓,630.0,19.3,32.69,78.56%,華廈(10層含以下有電梯),四層/五層,土:2 建:1車:0,3房2廳2衛,有,有,111
安岐２３８之３號五樓,598.0,17.4,34.34,78.14%,華廈(10層含以下有電梯),五層/五層,土:2 建:1車:0,3房2廳2衛,有,有,111
下堡１００之２８號三樓,205.0,21.3,9.62,81.85%,公寓(5樓含以下無電梯),三層/三層,土:1 建:1車:0,1房1廳1衛,無,無,111
安岐２３８之３號四樓,580.0,16.9,34.34,78.14%,華廈(10層含以下有電梯),四層/五層,土:2 建:1車:0,3房2廳2衛,有,有,111
下堡１２０之２號,390.0,22.5,17.87,68.87%,華廈(10層含以下有電梯),一層/五層,土:1 建:1車:1,2房1廳2衛,無,有,111
安岐２３８之５號三樓,618.0,18.9,32.69,78.56%,華廈(10層含以下有電梯),三層/五層,土:2 建:1車:0,3房1廳2衛,無,有,111
安岐２３８之５號二樓,638.0,19.5,32.69,78.56%,華廈(10層含以下有電梯),二層/五層,土:2 建:1車:0,3房1廳2衛,無,有,111
安岐２３８之５號五樓,646.0,19.8,32.69,78.56%,華廈(10層含以下有電梯),五層/五層,土:2 建:1車:0,3房1廳2衛,無,有,111
安岐２３８之３號,655.0,20.9,31.29,85.56%,華廈(10層含以下有電梯),一層/五層,土:2 建:1車:0,3房1廳2衛,無,有,111
嚨口３５號二樓,235.0,16.8,14.01,81.96%,公寓(5樓含以下無電梯),二層/三層,土:1 建:1車:0,3房2廳2衛,有,無,111
安岐２３８之３號二樓,638.0,18.5,34.45,78.21%,華廈(10層含以下有電梯),二層/五層,土:2 建:1車:0,3房1廳2衛,無,有,111
頂堡３０１號,620.0,15.7,39.38,77.38%,公寓(5樓含以下無電梯),一層/三層,土:1 建:1車:1,3房2廳2衛,無,無,111
西浦頭７５之６號,535.0,20.4,26.23,89.68%,公寓(5樓含以下無電梯),一層/三層,土:1 建:1車:0,3房2廳2衛,無,無,111
瓊安路１３０６號五樓之２,655.0,21.4,32.8,73.04%,華廈(10層含以下有電梯),五層/五層,土:1 建:1車:1,3房2廳2衛,無,有,111
下堡１００之２８號二樓之１,175.0,23.8,7.34,78.15%,公寓(5樓含以下無電梯),二層/三層,土:1 建:1車:0,1房1廳1衛,無,無,111
榜林３８之９號三樓,220.0,25.4,8.65,79.01%,公寓(5樓含以下無電梯),三層/三層,土:2 建:1車:0,1房0廳1衛,無,無,111
西堡５之６號五樓,610.0,18.7,32.65,69.68%,華廈(10層含以下有電梯),五層/五層,土:1 建:1車:0,2房2廳2衛,無,有,111
西堡５之６號四樓,600.0,18.4,32.65,69.68%,華廈(10層含以下有電梯),四層/五層,土:1 建:1車:0,2房2廳2衛,無,有,111
西堡５之６號三樓,600.0,18.4,32.65,69.68%,華廈(10層含以下有電梯),三層/五層,土:1 建:1車:0,2房2廳2衛,無,有,111
西堡５之６號二樓,600.0,18.4,32.65,69.68%,華廈(10層含以下有電梯),二層/五層,土:1 建:1車:0,2房2廳2衛,無,有,111
西山１７號四樓,630.0,22.1,28.56,75.13%,華廈(10層含以下有電梯),四層/五層,土:3 建:1車:0,3房2廳2衛,有,有,111
林湖路５０９號,870.0,18.4,47.2,85.67%,華廈(10層含以下有電梯),"一層,地下一層/三層",土:1 建:1車:0,3房2廳2衛,有,有,111
湖下２３之２號,200.0,15.9,12.61,74.93%,公寓(5樓含以下無電梯),一層/三層,土:1 建:2車:0,1房1廳1衛,無,無,111
湖下２３之２號二樓,200.0,15.1,13.25,71.32%,公寓(5樓含以下無電梯),二層/三層,土:1 建:2車:0,1房1廳1衛,無,無,111
湖下５之６號三樓,645.0,23.7,27.16,85.46%,公寓(5樓含以下無電梯),三層/三層,土:1 建:1車:0,3房2廳2衛,有,無,111
瓊安路１３０６號三樓之１,600.0,20.6,29.17,73.86%,華廈(10層含以下有電梯),三層/五層,土:1 建:1車:0,3房2廳2衛,無,有,111
下堡２２７號,705.0,18.1,38.88,91.28%,公寓(5樓含以下無電梯),"一層,地下一層/三層",土:1 建:1車:0,2房1廳2衛,無,無,111
安岐２３０號二樓,575.0,20.8,27.7,87.89%,公寓(5樓含以下無電梯),二層/三層,土:2 建:1車:0,3房2廳2衛,無,無,111
安岐２３０號三樓,575.0,20.8,27.7,87.89%,公寓(5樓含以下無電梯),三層/三層,土:2 建:1車:0,3房2廳2衛,無,無,111
瓊安路１３０６號四樓之１,645.0,20.6,33.48,73.86%,華廈(10層含以下有電梯),四層/五層,土:1 建:1車:1,3房2廳2衛,無,有,111
瓊安路１３０６號五樓之１,670.0,21.4,33.48,73.86%,華廈(10層含以下有電梯),五層/五層,土:1 建:1車:1,3房2廳2衛,無,有,111
頂埔下６９號三樓,770.0,21.7,35.47,84.35%,公寓(5樓含以下無電梯),三層/三層,土:1 建:1車:0,3房1廳3衛,無,無,111
下埔下３６８號三樓,810.0,22.0,36.84,77.74%,公寓(5樓含以下無電梯),三層/三層,土:1 建:2車:0,3房2廳2衛,有,無,111
埔邊１２３之２號二樓,230.0,24.1,9.54,73.33%,公寓(5樓含以下無電梯),二層/三層,土:4 建:1車:0,,無,無,111
下埔下３６８號,810.0,23.5,34.53,82.95%,公寓(5樓含以下無電梯),一層/三層,土:1 建:2車:0,3房2廳2衛,有,無,111
下埔下３６８號二樓,740.0,20.1,36.84,77.74%,公寓(5樓含以下無電梯),二層/三層,土:1 建:2車:0,3房2廳2衛,有,無,111
瓊安路１３０６號二樓之１,580.0,19.9,29.17,73.86%,華廈(10層含以下有電梯),二層/五層,土:1 建:1車:0,3房2廳2衛,無,有,111
東洲７６號二樓,950.0,22.1,43.03,57.44%,華廈(10層含以下有電梯),二層/三層,土:1 建:1車:0,3房2廳2衛,有,有,111
頂堡３０６號五樓,500.0,16.4,30.45,62.87%,華廈(10層含以下有電梯),五層/五層,土:5 建:1車:1,2房2廳2衛,有,有,111
東坑５１號二樓,650.0,22.7,28.63,83.17%,公寓(5樓含以下無電梯),二層/三層,土:1 建:1車:0,3房2廳2衛,無,無,111
湖下２１１－１０號二樓,575.0,24.5,23.48,75.24%,華廈(10層含以下有電梯),二層/五層,土:1 建:1車:0,2房2廳1衛,有,有,111
仁愛新９２號三樓,370.0,18.9,19.58,92.60%,公寓(5樓含以下無電梯),三層/三層,土:1 建:1車:0,4房0廳4衛,無,無,111
頂堡３０６號三樓,480.0,15.8,30.45,62.87%,華廈(10層含以下有電梯),三層/五層,土:5 建:1車:1,2房2廳2衛,有,有,111
湖下２１１－１１號,570.0,26.4,21.56,81.12%,公寓(5樓含以下無電梯),一層/五層,土:1 建:1車:0,2房2廳1衛,無,無,111
瓊安路１３００號二樓,698.0,21.6,34.87,75.55%,華廈(10層含以下有電梯),二層/五層,土:1 建:1車:1,3房2廳2衛,無,有,111
安岐２０８號三樓,620.0,23.1,26.79,85.04%,公寓(5樓含以下無電梯),三層/三層,土:1 建:1車:0,3房1廳2衛,無,無,111
湖下３８０之１７號,430.0,23.6,18.21,77.61%,華廈(10層含以下有電梯),一層/四層,土:2 建:1車:0,2房1廳1衛,有,有,111
頂堡３０６號二樓,488.0,18.9,25.78,74.96%,華廈(10層含以下有電梯),二層/五層,土:5 建:1車:1,2房1廳2衛,無,有,111
瓊安路１３０６號四樓之２,620.0,20.2,32.8,73.04%,華廈(10層含以下有電梯),四層/五層,土:1 建:1車:1,3房2廳2衛,無,有,111
頂埔下２９號三樓之５,300.0,28.4,10.58,64.24%,華廈(10層含以下有電梯),三層/三層,土:1 建:1車:0,1房1廳1衛,有,有,111
頂堡３０７號二樓,680.0,16.5,41.33,59.13%,華廈(10層含以下有電梯),二層/五層,土:5 建:1車:1,3房2廳2衛,有,有,111
下堡１００之２９號二樓之３,240.0,28.3,8.49,79.34%,公寓(5樓含以下無電梯),二層/三層,土:1 建:1車:0,1房1廳1衛,無,無,111
湖下２１１－８號四樓,550.0,23.4,23.48,75.24%,華廈(10層含以下有電梯),四層/五層,土:1 建:1車:0,2房2廳1衛,有,有,111
瓊安路１３０６號三樓之２,583.0,20.5,28.49,73.04%,華廈(10層含以下有電梯),三層/五層,土:1 建:1車:0,3房2廳2衛,無,有,111
湖下２１１－８號,570.0,26.2,21.77,81.10%,華廈(10層含以下有電梯),一層/五層,土:1 建:1車:1,2房2廳1衛,有,有,111
瓊安路１３００號四樓,625.0,20.5,30.56,75.55%,華廈(10層含以下有電梯),四層/五層,土:1 建:1車:0,3房2廳2衛,無,有,111
頂埔下２３之２號三樓,440.0,18.7,23.55,81.16%,公寓(5樓含以下無電梯),三層/三層,土:2 建:1車:0,2房1廳1衛,無,無,111
中堡８之３號三樓,560.0,15.7,35.61,69.01%,華廈(10層含以下有電梯),三層/五層,土:1 建:1車:1,3房2廳2衛,有,有,111
安岐１３２號二樓,800.0,17.2,46.47,61.46%,公寓(5樓含以下無電梯),二層/三層,土:1 建:1車:1,3房2廳2衛,無,無,111
東坑１１之２號三樓,550.0,22.2,24.72,81.27%,公寓(5樓含以下無電梯),三層/三層,土:1 建:1車:0,3房2廳2衛,無,無,111
頂堡３０７號,700.0,15.5,45.06,59.18%,華廈(10層含以下有電梯),一層/五層,土:5 建:1車:3,3房2廳2衛,有,有,111
頂堡３０７號四樓,700.0,17.1,40.95,59.13%,華廈(10層含以下有電梯),四層/五層,土:5 建:1車:1,3房2廳2衛,有,有,111
頂堡３０７號三樓,700.0,17.1,40.95,59.13%,華廈(10層含以下有電梯),三層/五層,土:5 建:1車:1,3房2廳2衛,有,有,111
林湖路５０９號三樓,700.0,21.9,31.9,77.45%,華廈(10層含以下有電梯),三層/三層,土:2 建:1車:0,3房2廳2衛,無,有,111
瓊安路１３０８號四樓,558.0,19.1,31.13,74.82%,華廈(10層含以下有電梯),四層/五層,土:1 建:1車:1,3房2廳2衛,無,有,111
頂堡３０８號三樓,660.0,16.3,40.5,59.13%,華廈(10層含以下有電梯),三層/五層,土:5 建:1車:2,3房2廳2衛,有,有,111
頂堡３０８號,700.0,17.3,40.49,59.15%,華廈(10層含以下有電梯),一層/五層,土:5 建:1車:2,3房2廳2衛,有,有,111
頂堡３０８號四樓,660.0,16.3,40.5,59.13%,華廈(10層含以下有電梯),四層/五層,土:5 建:1車:2,3房2廳2衛,有,有,111
頂堡３０９號三樓,500.0,16.6,30.14,62.88%,華廈(10層含以下有電梯),三層/五層,土:5 建:1車:1,2房2廳2衛,有,有,111
頂堡３０９號四樓,480.0,15.9,30.14,62.88%,華廈(10層含以下有電梯),四層/五層,土:5 建:1車:1,2房2廳2衛,有,有,111
頂堡３０６號四樓,480.0,18.6,25.78,62.87%,華廈(10層含以下有電梯),四層/五層,土:5 建:1車:0,2房2廳2衛,有,有,111
頂堡３０９號,500.0,19.3,25.89,62.97%,華廈(10層含以下有電梯),一層/五層,土:5 建:1車:0,2房2廳2衛,有,有,111
頂堡３０８號五樓,680.0,18.5,36.74,59.14%,華廈(10層含以下有電梯),五層/五層,土:5 建:1車:0,3房2廳2衛,有,有,111
頂堡３０９號二樓,430.0,16.6,25.85,62.88%,華廈(10層含以下有電梯),二層/五層,土:5 建:1車:0,2房2廳2衛,有,有,111
頂堡３０９號五樓,480.0,18.6,25.85,62.88%,華廈(10層含以下有電梯),五層/五層,土:5 建:1車:0,2房2廳2衛,有,有,111
頂堡３０８號二樓,650.0,17.7,36.74,59.14%,華廈(10層含以下有電梯),二層/五層,土:5 建:1車:0,3房2廳2衛,有,有,111
湖下２１１－９號四樓,555.0,23.9,23.26,75.19%,華廈(10層含以下有電梯),四層/五層,土:1 建:1車:0,2房2廳1衛,有,有,111
西山５０號五樓,640.0,18.7,34.19,71.88%,華廈(10層含以下有電梯),五層/五層,土:2 建:1車:0,3房2廳2衛,無,有,111
西山５６號四樓,545.0,19.1,28.53,67.93%,華廈(10層含以下有電梯),四層/四層,土:2 建:1車:0,2房1廳2衛,無,有,111
頂堡５之１０號,765.0,17.9,42.66,59.66%,華廈(10層含以下有電梯),一層/六層,土:1 建:1車:0,3房2廳2衛,有,有,111
頂堡５之１１號二樓,810.0,17.6,46.83,59.64%,華廈(10層含以下有電梯),二層/六層,土:1 建:1車:1,3房2廳2衛,有,有,111
頂堡３０７號五樓,700.0,16.2,43.2,59.13%,華廈(10層含以下有電梯),五層/五層,土:5 建:1車:1,3房2廳2衛,有,有,111
頂埔下２９號三樓之７,200.0,18.9,10.58,64.24%,華廈(10層含以下有電梯),三層/三層,土:1 建:1車:0,1房0廳1衛,有,有,111
西山５６號二樓,642.0,18.3,50.09,67.93%,華廈(10層含以下有電梯),二層/四層,土:2 建:1車:4,2房2廳1衛,無,有,111
昔果山５７號,430.0,22.7,18.95,92.16%,公寓(5樓含以下無電梯),一層/三層,土:1 建:1車:0,2房1廳1衛,無,無,111
林湖路５１３號,830.0,24.1,34.51,81.35%,公寓(5樓含以下無電梯),一層/三層,土:1 建:1車:0,3房2廳2衛,無,無,111
中堡５之９號二樓,530.0,19.0,27.92,82.08%,公寓(5樓含以下無電梯),二層/三層,土:1 建:1車:0,3房2廳2衛,無,無,111
瓊安路１３０８號,563.0,20.6,27.39,74.94%,華廈(10層含以下有電梯),一層/五層,土:1 建:1車:0,3房2廳2衛,無,有,111
林湖路５１１號,980.0,20.8,47.14,85.66%,公寓(5樓含以下無電梯),"一層,地下一層/三層",土:1 建:1車:0,3房2廳2衛,無,無,111
頂埔下２９號二樓之１,220.0,20.8,10.58,64.24%,華廈(10層含以下有電梯),二層/三層,土:1 建:1車:0,1房0廳1衛,無,有,110
下堡１００之１７號三樓,260.0,14.9,17.49,64.75%,公寓(5樓含以下無電梯),三層/三層,土:1 建:1車:1,1房1廳1衛,有,無,110
湖下２１１－１０號四樓,520.0,22.1,23.48,75.24%,公寓(5樓含以下無電梯),四層/五層,土:1 建:1車:0,2房2廳1衛,無,無,110
東坑１２號,700.0,20.4,34.34,78.68%,華廈(10層含以下有電梯),一層/五層,土:2 建:1車:0,3房1廳2衛,無,有,110
湖下２１１－８號五樓,530.0,22.6,23.48,75.24%,公寓(5樓含以下無電梯),五層/五層,土:1 建:1車:0,2房2廳1衛,無,無,110
埔邊１７之９號二樓,260.0,21.2,12.26,46.52%,華廈(10層含以下有電梯),二層/三層,土:1 建:1車:0,1房0廳1衛,無,有,110
瓊安路１３０８號三樓,520.0,19.4,26.82,74.82%,華廈(10層含以下有電梯),三層/五層,土:1 建:1車:0,3房2廳2衛,無,有,110
下埔下１２之２號二樓,660.0,21.8,30.33,79.41%,公寓(5樓含以下無電梯),二層/三層,土:1 建:2車:0,3房2廳2衛,無,無,110
頂堡５之１２號,830.0,17.9,47.07,59.90%,華廈(10層含以下有電梯),一層/六層,土:1 建:1車:1,3房2廳2衛,有,有,110
湖下３８０之１６號四樓,425.0,22.3,19.05,73.29%,華廈(10層含以下有電梯),四層/四層,土:2 建:1車:0,2房1廳1衛,有,有,110
下埔下１２之２號三樓,700.0,23.1,30.33,79.41%,公寓(5樓含以下無電梯),三層/三層,土:1 建:2車:0,3房2廳2衛,無,無,110
頂堡６之７號,385.0,29.0,13.29,85.36%,公寓(5樓含以下無電梯),一層/三層,土:1 建:1車:0,1房1廳1衛,無,無,110
昔果山１６之３號,580.0,19.1,30.29,85.76%,公寓(5樓含以下無電梯),一層/三層,土:1 建:1車:0,3房2廳2衛,無,無,110
東洲８之８號３樓,600.0,23.4,25.69,79.40%,公寓(5樓含以下無電梯),三層/三層,土:1 建:2車:0,3房1廳2衛,無,無,110
下堡１００之１０號,710.0,16.8,42.33,73.81%,公寓(5樓含以下無電梯),一層/三層,土:1 建:1車:1,3房2廳2衛,有,無,110
仁愛新１０３號三樓,625.0,21.7,28.8,83.96%,公寓(5樓含以下無電梯),三層/三層,土:1 建:1車:0,3房2廳2衛,無,無,110
瓊安路１３０２號五樓,600.0,20.0,30.01,71.86%,華廈(10層含以下有電梯),五層/五層,土:1 建:1車:0,3房2廳2衛,無,有,110
安岐３５２號二樓,562.0,21.2,26.5,72.84%,華廈(10層含以下有電梯),二層/五層,土:1 建:1車:0,3房2廳2衛,無,有,110
下堡２２９號,480.0,11.6,41.45,88.01%,公寓(5樓含以下無電梯),"一層,地下一層/三層",土:1 建:1車:0,2房2廳2衛,有,無,110
頂堡２５２號三樓,640.0,21.5,29.75,86.54%,華廈(10層含以下有電梯),三層/三層,土:2 建:1車:0,3房2廳2衛,無,有,110
安岐２７０之３號二樓,555.0,20.3,27.34,82.60%,公寓(5樓含以下無電梯),二層/三層,土:1 建:1車:0,3房2廳2衛,有,無,110
下埔下６之３號三樓,400.0,23.9,16.71,80.90%,公寓(5樓含以下無電梯),三層/三層,土:1 建:1車:0,2房1廳1衛,無,無,110
湖下２１１－９號二樓,470.0,20.2,23.26,75.19%,華廈(10層含以下有電梯),二層/五層,土:1 建:1車:0,2房2廳1衛,無,有,110
林湖路５０９號二樓,660.0,20.7,31.9,77.45%,華廈(10層含以下有電梯),二層/三層,土:1 建:1車:0,3房2廳2衛,無,有,110
下埔下６之５號二樓,405.0,24.2,16.76,80.95%,公寓(5樓含以下無電梯),二層/三層,土:1 建:1車:0,2房1廳1衛,無,無,110
埔邊１７之７號二樓,253.0,20.6,12.3,46.69%,華廈(10層含以下有電梯),二層/三層,土:1 建:1車:0,,無,有,110
湖下２１１－１０號三樓,477.0,20.3,23.48,75.24%,華廈(10層含以下有電梯),三層/五層,土:1 建:1車:0,2房2廳1衛,有,有,110
湖下２１１－８號二樓,480.0,20.4,23.48,75.24%,華廈(10層含以下有電梯),二層/五層,土:1 建:1車:0,2房2廳1衛,無,有,110
湖下２１１－９號三樓,477.0,20.5,23.26,75.19%,華廈(10層含以下有電梯),三層/五層,土:1 建:1車:0,2房2廳1衛,有,有,110
前厝４６之１０號,800.0,15.0,53.19,66.06%,華廈(10層含以下有電梯),一層/三層,土:1 建:1車:1,3房2廳2衛,有,有,110
下埔下６之５號三樓,400.0,23.9,16.76,80.95%,公寓(5樓含以下無電梯),三層/三層,土:1 建:1車:0,2房1廳1衛,無,無,110
湖下２２３之７號,850.0,15.6,54.45,92.87%,華廈(10層含以下有電梯),一層/一層,土:5 建:1車:0,3房1廳2衛,無,有,110
湖下３８０之１７號四樓,450.0,23.8,18.89,74.83%,華廈(10層含以下有電梯),四層/四層,土:2 建:1車:0,2房1廳1衛,有,有,110
下堡１００之２９號二樓之３,507.0,21.8,23.3,78.63%,公寓(5樓含以下無電梯),二層/三層,土:1 建:3車:0,1房1廳1衛,無,無,110
環島西路二段７０９巷２２８號三樓,500.0,17.2,29.04,76.61%,華廈(10層含以下有電梯),三層/五層,土:1 建:1車:0,3房2廳2衛,無,有,110
東洲７６之１號二樓,750.0,17.8,42.22,58.09%,華廈(10層含以下有電梯),二層/三層,土:1 建:1車:0,3房2廳2衛,有,有,110
榜林４２號三樓,620.0,20.9,29.74,81.29%,公寓(5樓含以下無電梯),三層/三層,土:1 建:2車:0,3房2廳2衛,無,無,110
西山５１號四樓,425.0,18.1,23.45,69.06%,華廈(10層含以下有電梯),四層/五層,土:2 建:1車:0,2房2廳2衛,無,有,110
下堡２２６號三樓,425.0,17.2,24.78,76.62%,公寓(5樓含以下無電梯),三層/三層,土:1 建:1車:0,2房2廳2衛,有,無,110
湖下２３之３號三樓,360.0,15.2,23.65,76.77%,公寓(5樓含以下無電梯),三層/三層,土:1 建:2車:0,2房1廳1衛,無,無,110
埔後３２之１號三樓之３,210.0,21.9,9.57,79.58%,公寓(5樓含以下無電梯),三層/三層,土:1 建:1車:0,1房1廳1衛,無,無,110
西山５２號四樓,428.0,18.6,23.02,70.35%,華廈(10層含以下有電梯),四層/五層,土:2 建:1車:0,2房2廳2衛,無,有,110
湖下２３之３號,360.0,16.0,22.44,80.94%,公寓(5樓含以下無電梯),一層/三層,土:1 建:2車:0,2房1廳1衛,無,無,110
湖下２３之３號二樓,360.0,15.2,23.65,76.77%,公寓(5樓含以下無電梯),二層/三層,土:1 建:2車:0,2房1廳1衛,無,無,110
中堡８之５號,560.0,17.4,32.12,76.01%,華廈(10層含以下有電梯),一層/五層,土:1 建:1車:0,3房1廳2衛,有,有,110
湖下１５之１號二樓,380.0,22.2,17.12,82.75%,公寓(5樓含以下無電梯),二層/三層,土:1 建:2車:0,2房1廳2衛,無,無,110
西山５３號三樓,400.0,17.2,23.21,70.60%,華廈(10層含以下有電梯),三層/五層,土:2 建:1車:0,2房2廳2衛,無,有,110
頂埔下２９號三樓之３,215.0,20.3,10.58,64.24%,公寓(5樓含以下無電梯),三層/三層,土:1 建:1車:0,,無,無,110
西山５０號三樓,510.0,14.9,34.2,71.88%,華廈(10層含以下有電梯),三層/五層,土:2 建:1車:0,3房2廳2衛,無,有,110
西山５１號二樓,420.0,17.9,23.45,69.06%,華廈(10層含以下有電梯),二層/五層,土:2 建:1車:0,2房2廳2衛,無,有,110
湖下３８０之１６號,407.0,22.5,18.07,77.44%,華廈(10層含以下有電梯),一層/四層,土:2 建:1車:0,2房1廳1衛,有,有,110
湖下３８０之１６號二樓,407.0,21.4,19.04,73.28%,華廈(10層含以下有電梯),二層/四層,土:2 建:1車:0,2房1廳1衛,有,有,110
湖下３８０之１６號三樓,407.0,21.4,19.05,73.29%,華廈(10層含以下有電梯),三層/四層,土:2 建:1車:0,2房1廳1衛,有,有,110
頂堡２５３號,650.0,22.6,28.76,88.84%,公寓(5樓含以下無電梯),一層/三層,土:2 建:1車:0,2房2廳2衛,無,無,110
嚨口３５號,550.0,21.4,25.74,89.25%,公寓(5樓含以下無電梯),一層/三層,土:1 建:1車:0,3房2廳2衛,無,無,110
安岐４２之５號,430.0,18.8,22.86,81.67%,公寓(5樓含以下無電梯),一層/三層,土:1 建:1車:0,3房2廳2衛,無,無,110
頂堡５之１２號二樓,845.0,18.3,47.08,59.88%,華廈(10層含以下有電梯),二層/六層,土:1 建:1車:1,3房2廳2衛,無,有,110
東堡１３之２號二樓,425.0,19.2,22.15,83.00%,公寓(5樓含以下無電梯),二層/三層,土:1 建:1車:0,2房1廳2衛,無,無,110
西山５５號三樓,610.0,17.5,34.88,70.49%,華廈(10層含以下有電梯),三層/四層,土:2 建:1車:0,3房2廳2衛,無,有,110
湖下１４２之６號二樓,590.0,12.1,48.67,71.32%,公寓(5樓含以下無電梯),二層/三層,土:1 建:1車:1,3房1廳2衛,無,無,110
安岐４２之５號三樓,418.0,17.3,24.17,77.24%,公寓(5樓含以下無電梯),三層/三層,土:1 建:1車:0,3房2廳2衛,無,無,110
湖下３８０之１６號三樓,1980.0,21.2,93.43,74.93%,華廈(10層含以下有電梯),三層/四層,土:2 建:6車:0,2房1廳1衛,有,有,110
頂堡５之１１號五樓,760.0,16.4,46.83,59.64%,華廈(10層含以下有電梯),五層/六層,土:1 建:1車:1,3房2廳2衛,無,有,110
西山５２號,312.8,15.0,20.85,77.09%,華廈(10層含以下有電梯),一層/五層,土:2 建:1車:0,2房2廳2衛,無,有,110
西山５１號,342.8,16.4,20.85,77.09%,華廈(10層含以下有電梯),一層/五層,土:2 建:1車:0,2房2廳2衛,無,有,110
頂堡５之９號,750.0,17.5,42.92,59.90%,華廈(10層含以下有電梯),一層/六層,土:1 建:1車:0,3房2廳2衛,無,有,110
西浦頭７９之１１號,430.0,18.1,23.81,85.30%,公寓(5樓含以下無電梯),一層/三層,土:1 建:1車:0,3房1廳2衛,無,無,110
環島西路二段７０９巷２２８號五樓,600.0,20.7,29.04,76.61%,華廈(10層含以下有電梯),五層/五層,土:1 建:1車:0,3房2廳2衛,無,有,110
環島西路二段７０９巷２２８號四樓,588.0,20.2,29.04,76.61%,華廈(10層含以下有電梯),四層/五層,土:1 建:1車:0,3房2廳2衛,無,有,110
昔果山５７之３號二樓,460.0,18.3,25.18,81.89%,公寓(5樓含以下無電梯),二層/三層,土:1 建:1車:0,2房2廳1衛,無,無,110
下堡１２５之１號,510.0,21.3,23.99,92.28%,公寓(5樓含以下無電梯),一層/三層,土:1 建:1車:0,3房2廳2衛,無,無,110
湖下２１１－８號三樓,477.0,20.3,23.48,75.24%,華廈(10層含以下有電梯),三層/五層,土:1 建:1車:0,2房2廳1衛,有,有,110
湖下２５３號四樓,725.0,20.6,35.16,83.49%,華廈(10層含以下有電梯),四層/五層,土:3 建:1車:0,3房1廳3衛,無,有,110
湖下２１１－１１號二樓,474.0,20.4,23.26,75.19%,華廈(10層含以下有電梯),二層/五層,土:1 建:1車:0,2房2廳1衛,有,有,110
中堡１之６號三樓,455.0,18.0,25.29,71.12%,華廈(10層含以下有電梯),三層/五層,土:2 建:1車:0,3房2廳2衛,無,有,110
中堡１之６號四樓,453.0,17.9,25.29,71.12%,華廈(10層含以下有電梯),四層/五層,土:2 建:1車:0,3房2廳2衛,無,有,110
中堡１之６號二樓,455.0,18.0,25.29,71.12%,華廈(10層含以下有電梯),二層/五層,土:2 建:1車:0,3房2廳2衛,無,有,110
中堡１之５號四樓,472.0,18.0,26.16,74.55%,華廈(10層含以下有電梯),四層/五層,土:2 建:1車:0,3房2廳2衛,無,有,110
環島西路二段７０９巷２３２號,565.0,20.8,27.13,84.14%,華廈(10層含以下有電梯),一層/五層,土:1 建:1車:0,3房2廳2衛,無,有,110
環島西路二段７０９巷２３０號四樓,535.0,18.4,29.09,77.66%,華廈(10層含以下有電梯),四層/五層,土:1 建:1車:0,3房2廳2衛,無,有,110
湖下１５之１號三樓,390.0,22.8,17.12,82.75%,公寓(5樓含以下無電梯),三層/三層,土:1 建:2車:0,2房1廳2衛,無,無,110
埔後４０之１０號三樓,685.0,27.0,25.42,88.98%,公寓(5樓含以下無電梯),三層/三層,土:3 建:1車:0,3房2廳2衛,無,無,110
環島西路二段７０９巷２３２號四樓,530.0,18.1,29.33,77.84%,華廈(10層含以下有電梯),四層/五層,土:1 建:1車:0,3房2廳2衛,無,有,110
環島西路二段７０９巷２３２號五樓,540.0,18.4,29.33,77.84%,華廈(10層含以下有電梯),五層/五層,土:1 建:1車:0,3房2廳2衛,無,有,110
環島西路二段７０９巷２３０號三樓,540.0,18.6,29.09,77.66%,華廈(10層含以下有電梯),三層/五層,土:1 建:1車:0,3房2廳2衛,無,有,110
環島西路二段７０９巷２３０號五樓,540.0,18.6,29.09,77.66%,華廈(10層含以下有電梯),五層/五層,土:1 建:1車:0,3房2廳2衛,無,有,110
湖下２１１－９號,521.0,24.2,21.56,81.12%,華廈(10層含以下有電梯),一層/五層,土:1 建:1車:0,2房2廳1衛,有,有,110
環島西路二段７０９巷２３２號三樓,530.0,18.1,29.33,77.84%,華廈(10層含以下有電梯),三層/五層,土:1 建:1車:0,3房2廳2衛,無,有,110
環島西路二段７０９巷２３２號二樓,530.0,18.1,29.33,77.84%,華廈(10層含以下有電梯),二層/五層,土:1 建:1車:0,3房2廳2衛,無,有,110
環島西路二段７０９巷２３０號二樓,530.0,18.2,29.09,77.66%,華廈(10層含以下有電梯),二層/五層,土:1 建:1車:0,3房2廳2衛,無,有,110
環島西路二段７０９巷２３０號,550.0,20.4,26.9,84.00%,華廈(10層含以下有電梯),一層/五層,土:1 建:1車:0,3房2廳2衛,無,有,110
頂埔下２９號三樓之９,205.0,19.5,10.52,64.60%,公寓(5樓含以下無電梯),三層/三層,土:1 建:1車:0,1房1廳1衛,無,無,110
安岐４２之７號二樓,455.0,17.4,26.21,83.66%,公寓(5樓含以下無電梯),二層/三層,土:1 建:1車:0,3房2廳2衛,無,無,110
西山５０號二樓,585.0,17.1,34.2,71.88%,華廈(10層含以下有電梯),二層/五層,土:2 建:1車:0,3房2廳2衛,無,有,110
頂堡５之１２號四樓,780.0,16.8,47.08,59.88%,華廈(10層含以下有電梯),四層/六層,土:1 建:1車:1,3房2廳2衛,無,有,110
下堡１２１號二樓之２,560.0,19.2,29.16,74.06%,華廈(10層含以下有電梯),二層/五層,土:1 建:1車:0,3房2廳2衛,有,有,110
安岐２３１號三樓,600.0,20.3,29.51,82.75%,公寓(5樓含以下無電梯),三層/三層,土:2 建:1車:0,3房2廳2衛,無,無,110
湖下３８０之１７號二樓,450.0,23.8,18.89,74.83%,華廈(10層含以下有電梯),二層/四層,土:2 建:1車:0,2房1廳1衛,無,有,110
中堡１之６號,472.0,18.6,25.35,70.95%,華廈(10層含以下有電梯),一層/五層,土:2 建:1車:0,3房2廳2衛,無,有,110
安岐４２之５號二樓,418.0,17.3,24.17,77.24%,公寓(5樓含以下無電梯),二層/三層,土:1 建:1車:0,3房2廳2衛,無,無,110
中堡１之５號二樓,473.0,18.1,26.16,74.55%,華廈(10層含以下有電梯),二層/五層,土:2 建:1車:0,3房2廳2衛,無,有,110
中堡１之６號五樓,460.0,18.2,25.29,71.12%,華廈(10層含以下有電梯),五層/五層,土:2 建:1車:0,3房2廳2衛,無,有,110
西山５１號三樓,400.0,17.1,23.45,69.06%,華廈(10層含以下有電梯),三層/五層,土:2 建:1車:0,2房2廳2衛,無,有,110
湖下２１１－１０號五樓,540.0,23.0,23.48,75.24%,華廈(10層含以下有電梯),五層/五層,土:1 建:1車:0,2房2廳1衛,有,有,110
西山５５號四樓,575.0,16.5,34.88,70.49%,華廈(10層含以下有電梯),四層/四層,土:2 建:1車:0,3房2廳2衛,無,有,110
安岐２３６號２樓,550.0,16.8,32.78,73.26%,華廈(10層含以下有電梯),二層/五層,土:1 建:1車:0,3房2廳2衛,無,有,110
下堡１２２號二樓之１,560.0,19.2,29.16,74.06%,華廈(10層含以下有電梯),二層/五層,土:1 建:1車:0,3房2廳2衛,無,有,110
瓊安路１３００號三樓,642.0,21.0,30.56,75.55%,華廈(10層含以下有電梯),三層/五層,土:1 建:1車:0,3房2廳2衛,無,有,110
下堡１２５號三樓,500.0,19.0,26.34,85.08%,公寓(5樓含以下無電梯),三層/三層,土:1 建:1車:0,3房2廳2衛,無,無,110
埔邊１７之３號二樓,250.0,20.9,11.98,45.65%,華廈(10層含以下有電梯),二層/三層,土:1 建:1車:0,1房0廳1衛,有,有,110
西堡３９之１０號二樓,370.0,18.2,20.37,77.61%,華廈(10層含以下有電梯),二層/五層,土:1 建:1車:0,2房2廳2衛,無,有,110
下堡１２１號二樓之１,515.0,19.5,26.4,72.11%,華廈(10層含以下有電梯),二層/五層,土:1 建:1車:0,3房2廳2衛,無,有,110
西山５２號二樓,345.3,15.0,23.02,70.35%,華廈(10層含以下有電梯),二層/五層,土:2 建:1車:0,2房2廳2衛,無,有,110
頂堡５之９號五樓,800.0,17.2,47.08,59.88%,華廈(10層含以下有電梯),五層/六層,土:1 建:1車:1,3房2廳2衛,無,有,110
西山５０號四樓,513.0,15.0,34.2,71.88%,華廈(10層含以下有電梯),四層/五層,土:2 建:1車:0,3房2廳2衛,無,有,110
西山５３號五樓,348.6,15.0,23.24,70.53%,華廈(10層含以下有電梯),五層/五層,土:2 建:1車:0,2房2廳2衛,無,有,110
西山５５號二樓,613.2,15.0,60.57,70.49%,華廈(10層含以下有電梯),二層/四層,土:2 建:1車:3,3房2廳2衛,無,有,110
西山５６號三樓,427.5,15.0,28.5,67.98%,華廈(10層含以下有電梯),三層/四層,土:2 建:1車:0,2房2廳2衛,無,有,110
西山５３號四樓,348.6,15.0,23.24,70.53%,華廈(10層含以下有電梯),四層/五層,土:2 建:1車:0,2房2廳2衛,無,有,110
西山５１號五樓,351.8,15.0,23.45,69.06%,華廈(10層含以下有電梯),五層/五層,土:2 建:1車:0,2房2廳2衛,無,有,110
西山５２號五樓,345.6,15.0,23.04,70.28%,華廈(10層含以下有電梯),五層/五層,土:2 建:1車:0,2房2廳2衛,無,有,110
西山５３號二樓,408.2,15.0,41.88,70.59%,華廈(10層含以下有電梯),二層/五層,土:2 建:1車:2,2房2廳2衛,無,有,110
西山５０號,505.5,15.9,31.71,77.19%,華廈(10層含以下有電梯),一層/五層,土:2 建:1車:0,3房2廳2衛,無,有,110
西山５２號三樓,345.3,15.0,23.02,70.35%,華廈(10層含以下有電梯),三層/五層,土:2 建:1車:0,2房2廳2衛,無,有,110
下堡１２５號,498.0,20.5,24.26,92.38%,華廈(10層含以下有電梯),一層/三層,土:1 建:1車:0,3房2廳2衛,無,有,110
瓊安路１３０２號,660.0,22.0,30.01,71.86%,華廈(10層含以下有電梯),一層/五層,土:1 建:1車:0,3房2廳2衛,無,有,110
瓊安路１３０２號二樓,590.0,19.7,30.01,71.86%,華廈(10層含以下有電梯),二層/五層,土:1 建:1車:0,3房2廳2衛,無,有,110
瓊安路１３０２號四樓,590.0,19.7,30.01,71.86%,華廈(10層含以下有電梯),四層/五層,土:1 建:1車:0,3房2廳2衛,無,有,110
下堡２２６號,480.0,11.6,41.45,88.01%,公寓(5樓含以下無電梯),"一層,地下一層/三層",土:1 建:1車:0,2房2廳2衛,有,無,110
湖下２５３號,770.0,21.9,35.16,83.49%,公寓(5樓含以下無電梯),一層/五層,土:3 建:1車:0,3房1廳3衛,無,無,110
瓊安路１３０８號二樓,512.0,19.1,26.82,74.82%,華廈(10層含以下有電梯),二層/五層,土:1 建:1車:0,3房2廳2衛,無,有,110
安岐４２之７號,460.0,17.5,26.21,83.66%,公寓(5樓含以下無電梯),一層/三層,土:1 建:1車:0,3房2廳2衛,無,無,110
中堡５之１０號二樓,493.0,17.9,27.52,82.09%,公寓(5樓含以下無電梯),二層/三層,土:2 建:1車:0,3房2廳2衛,無,無,110
瓊安路１３０２號三樓,600.0,20.0,30.01,71.86%,華廈(10層含以下有電梯),三層/五層,土:1 建:1車:0,3房2廳2衛,無,有,110
中堡１之５號,512.0,19.4,26.33,74.50%,華廈(10層含以下有電梯),一層/五層,土:3 建:1車:0,3房2廳2衛,無,有,110
安岐２３６號４樓,560.0,17.1,32.78,73.26%,華廈(10層含以下有電梯),四層/五層,土:1 建:1車:0,3房2廳2衛,無,有,110
東坑１２之１號五樓,738.0,21.5,34.34,78.68%,華廈(10層含以下有電梯),五層/五層,土:2 建:1車:0,3房2廳2衛,無,有,110
頂堡５之１０號二樓,800.0,17.3,46.83,59.64%,華廈(10層含以下有電梯),二層/六層,土:1 建:1車:1,3房2廳2衛,無,有,110
中堡５之１０號三樓,512.0,18.6,27.52,82.09%,公寓(5樓含以下無電梯),三層/三層,土:3 建:1車:0,3房2廳2衛,無,無,110
下堡１２５之１號二樓,535.0,20.5,26.09,84.85%,公寓(5樓含以下無電梯),二層/三層,土:1 建:1車:0,3房2廳2衛,無,無,110
下埔下６８之１號三樓,450.0,18.2,24.77,82.59%,公寓(5樓含以下無電梯),三層/三層,土:1 建:1車:0,2房2廳1衛,無,無,110
下堡１００之２０號,235.0,21.7,10.82,63.06%,公寓(5樓含以下無電梯),一層/三層,土:1 建:1車:0,1房1廳1衛,有,無,110
頂堡５之１１號六樓,895.0,18.2,50.99,59.64%,華廈(10層含以下有電梯),六層/六層,土:1 建:1車:2,3房2廳2衛,無,有,110
頂堡５之１２號六樓,835.0,18.1,47.08,59.88%,華廈(10層含以下有電梯),六層/六層,土:1 建:1車:1,3房2廳2衛,無,有,110
頂堡５之１０號四樓,780.0,16.9,46.49,59.64%,華廈(10層含以下有電梯),四層/六層,土:1 建:1車:1,3房2廳2衛,無,有,110
頂堡５之１１號四樓,780.0,16.9,46.83,59.64%,華廈(10層含以下有電梯),四層/六層,土:1 建:1車:1,3房2廳2衛,無,有,110
頂堡５之１０號六樓,780.0,18.3,42.67,59.64%,華廈(10層含以下有電梯),六層/六層,土:1 建:1車:0,3房2廳2衛,無,有,110
安岐２３６號３樓,560.0,17.1,32.78,73.26%,華廈(10層含以下有電梯),三層/五層,土:1 建:1車:0,3房2廳2衛,無,有,110
湖下２１１－１１號四樓,515.0,22.1,23.26,75.19%,華廈(10層含以下有電梯),四層/五層,土:1 建:1車:0,2房2廳1衛,無,有,110
下埔下３２７號二樓,650.0,19.3,33.65,83.19%,公寓(5樓含以下無電梯),二層/三層,土:1 建:1車:0,3房2廳2衛,有,無,110
頂堡５之１２號三樓,800.0,17.2,47.08,59.88%,華廈(10層含以下有電梯),三層/六層,土:1 建:1車:1,3房2廳2衛,無,有,110
頂堡５之１０號三樓,800.0,17.3,46.83,59.64%,華廈(10層含以下有電梯),三層/六層,土:1 建:1車:1,3房2廳2衛,無,有,110
西堡３９之９號五樓,645.0,23.3,27.63,79.56%,華廈(10層含以下有電梯),五層/五層,土:1 建:1車:0,3房1廳2衛,無,有,110
西堡３９之１１號五樓,465.0,23.8,19.52,77.32%,華廈(10層含以下有電梯),五層/五層,土:1 建:1車:0,2房1廳1衛,無,有,110
湖下２５３號五樓,750.0,21.3,35.16,83.49%,華廈(10層含以下有電梯),五層/五層,土:3 建:1車:0,3房1廳3衛,有,有,110
西堡３９之１０號四樓,369.0,18.1,20.37,77.61%,華廈(10層含以下有電梯),四層/五層,土:1 建:1車:0,2房2廳2衛,無,有,110
安岐４２之７號三樓,460.0,17.5,26.21,83.66%,公寓(5樓含以下無電梯),三層/三層,土:1 建:1車:0,3房2廳2衛,無,無,110
林湖路５１１號三樓,700.0,21.8,32.06,77.52%,華廈(10層含以下有電梯),三層/三層,土:1 建:1車:0,3房2廳2衛,無,有,110
湖下２１３之３號,600.0,14.5,41.29,63.81%,公寓(5樓含以下無電梯),一層/三層,土:2 建:1車:1,3房1廳2衛,無,無,110
湖下３０１號四樓,585.0,20.9,28.05,73.95%,華廈(10層含以下有電梯),四層/五層,土:1 建:1車:0,3房2廳2衛,無,有,110
湖南３２之１８號,500.0,22.3,22.47,90.90%,公寓(5樓含以下無電梯),一層/三層,土:1 建:1車:0,3房1廳2衛,無,無,110
頂埔下２９號二樓之５,260.0,24.7,10.52,64.60%,華廈(10層含以下有電梯),二層/三層,土:1 建:1車:0,1房1廳1衛,無,有,110
中堡５之１０號,490.0,19.2,25.47,88.69%,公寓(5樓含以下無電梯),一層/三層,土:2 建:1車:0,3房2廳2衛,無,無,110
下堡１２０號二樓之３,480.0,19.8,24.29,72.95%,華廈(10層含以下有電梯),二層/五層,土:1 建:1車:0,3房2廳2衛,無,有,110
中堡５之９號三樓,518.0,18.6,27.92,82.08%,公寓(5樓含以下無電梯),三層/三層,土:3 建:1車:0,3房2廳2衛,無,無,110
下堡１２０號二樓之５,575.0,19.8,29.28,72.93%,華廈(10層含以下有電梯),二層/五層,土:1 建:1車:1,3房2廳2衛,無,有,110
下堡２２９號三樓,430.0,17.4,24.78,76.62%,公寓(5樓含以下無電梯),三層/三層,土:1 建:1車:0,2房2廳2衛,有,無,110
湖下２１１－１１號三樓,477.0,20.5,23.26,75.19%,公寓(5樓含以下無電梯),三層/五層,土:1 建:1車:0,2房2廳1衛,無,無,110
安岐２３６之２號４樓,385.0,18.0,21.38,74.03%,華廈(10層含以下有電梯),四層/五層,土:1 建:1車:0,2房2廳1衛,無,有,110
下埔下６之９號,446.0,29.4,15.19,89.27%,公寓(5樓含以下無電梯),一層/三層,土:1 建:1車:0,2房1廳1衛,無,無,110
安岐５０之９號三樓,425.0,17.6,24.22,83.54%,公寓(5樓含以下無電梯),三層/三層,土:1 建:1車:0,3房1廳2衛,無,無,110
湖下２１１－１０號,525.0,24.1,21.77,81.10%,華廈(10層含以下有電梯),一層/五層,土:1 建:1車:0,2房2廳1衛,無,有,110
湖下２１１－９號五樓,540.0,23.2,23.26,75.19%,華廈(10層含以下有電梯),五層/五層,土:1 建:1車:0,2房2廳1衛,無,有,110
湖下２１１－１１號五樓,490.0,21.1,23.26,75.19%,華廈(10層含以下有電梯),五層/五層,土:1 建:1車:0,2房2廳1衛,無,有,110
下埔下４１之１號三樓,700.0,21.8,32.1,77.74%,華廈(10層含以下有電梯),三層/五層,土:1 建:1車:0,3房2廳2衛,無,有,110
榜林５之９號,880.0,25.1,35.05,86.74%,公寓(5樓含以下無電梯),一層/三層,土:1 建:1車:0,3房2廳2衛,無,無,110
下堡１２０號五樓之１,522.0,19.9,26.23,75.31%,華廈(10層含以下有電梯),五層/五層,土:1 建:1車:0,3房2廳2衛,無,有,110
下堡１２０號三樓之３,485.0,20.0,24.29,72.95%,華廈(10層含以下有電梯),三層/五層,土:1 建:1車:0,3房2廳2衛,無,有,110
榜林５之９號二樓,728.0,20.1,36.2,83.99%,公寓(5樓含以下無電梯),二層/三層,土:1 建:1車:0,3房2廳2衛,無,無,110
下堡１２０之１號,643.0,23.0,28.08,65.96%,華廈(10層含以下有電梯),一層/五層,土:1 建:1車:1,3房2廳2衛,無,有,110
西堡３９之９號三樓,510.0,18.5,27.63,79.56%,華廈(10層含以下有電梯),三層/五層,土:1 建:1車:0,3房2廳2衛,無,有,110
下堡１２０號三樓之２,515.0,20.1,25.64,72.53%,華廈(10層含以下有電梯),三層/五層,土:1 建:1車:1,3房2廳2衛,無,有,110
林湖路５１３號二樓,720.0,22.9,31.47,79.49%,華廈(10層含以下有電梯),二層/三層,土:2 建:1車:0,3房2廳2衛,無,有,110
林湖路５１１號二樓,675.0,21.1,32.06,77.52%,華廈(10層含以下有電梯),二層/三層,土:2 建:1車:0,3房2廳2衛,無,有,110
頂埔下９５之７號三樓,410.0,17.6,23.28,82.98%,公寓(5樓含以下無電梯),三層/三層,土:1 建:1車:0,3房0廳3衛,無,無,110
下堡１２０號四樓之１,517.0,19.7,26.23,75.31%,華廈(10層含以下有電梯),四層/五層,土:1 建:1車:0,3房2廳2衛,無,有,110
湖下３００號二樓,570.0,20.3,28.05,73.95%,華廈(10層含以下有電梯),二層/五層,土:1 建:1車:0,3房2廳2衛,無,有,110
下堡１００之９號二樓,650.0,17.8,36.47,71.34%,公寓(5樓含以下無電梯),二層/三層,土:1 建:1車:0,3房2廳2衛,無,無,110
下堡１２０號四樓之３,481.0,19.8,24.29,72.95%,華廈(10層含以下有電梯),四層/五層,土:1 建:1車:0,3房2廳2衛,無,有,110
下堡１２０號五樓之２,474.0,20.3,23.33,72.54%,華廈(10層含以下有電梯),五層/五層,土:1 建:1車:0,3房1廳2衛,無,有,110
下堡１２０號四樓之２,463.0,19.8,23.33,72.54%,華廈(10層含以下有電梯),四層/五層,土:1 建:1車:0,3房1廳2衛,無,有,110
東洲８之８號２樓,600.0,23.4,25.69,79.40%,公寓(5樓含以下無電梯),二層/三層,土:1 建:2車:0,3房1廳2衛,有,無,110
榜林４２號,640.0,21.5,29.74,81.28%,公寓(5樓含以下無電梯),一層/三層,土:1 建:2車:0,3房1廳2衛,無,無,110
下堡１２０號五樓之３,548.0,20.6,26.59,72.94%,華廈(10層含以下有電梯),五層/五層,土:1 建:1車:1,3房2廳2衛,無,有,110
下堡１００之２１號,198.0,28.4,6.98,80.40%,公寓(5樓含以下無電梯),一層/三層,土:1 建:1車:0,1房0廳1衛,無,無,110
安岐２３６之１號２樓,388.0,18.4,21.1,74.90%,華廈(10層含以下有電梯),二層/五層,土:1 建:1車:0,2房2廳1衛,無,有,110
東洲８之８號３樓,600.0,23.4,25.69,79.40%,公寓(5樓含以下無電梯),三層/三層,土:1 建:2車:0,3房1廳2衛,有,無,110
下堡１００之２２號二樓,165.0,23.3,7.09,74.93%,公寓(5樓含以下無電梯),二層/三層,土:1 建:1車:0,1房0廳1衛,無,無,109
湖下１５８號二樓,490.0,18.0,27.2,80.11%,公寓(5樓含以下無電梯),二層/三層,土:1 建:2車:0,2房2廳2衛,無,無,109
湖下１５８號三樓,505.0,18.6,27.2,80.11%,公寓(5樓含以下無電梯),三層/三層,土:1 建:2車:0,2房2廳2衛,無,無,109
湖下２３之２號三樓,250.0,18.9,13.25,71.32%,公寓(5樓含以下無電梯),三層/三層,土:1 建:2車:0,1房1廳1衛,無,無,109
頂埔下９５之７號二樓,400.0,17.2,23.28,82.98%,公寓(5樓含以下無電梯),二層/三層,土:1 建:1車:0,3房0廳3衛,無,無,109
西堡３９之１１號二樓,350.0,17.9,19.52,77.32%,華廈(10層含以下有電梯),二層/五層,土:1 建:1車:0,2房1廳1衛,無,有,109
湖下２５５號,780.0,22.0,35.38,83.59%,華廈(10層含以下有電梯),一層/五層,土:3 建:1車:0,3房1廳3衛,有,有,109
湖下２５５號五樓,730.0,20.6,35.38,83.59%,華廈(10層含以下有電梯),五層/五層,土:3 建:1車:0,3房1廳3衛,有,有,109
安岐２３６之１號３樓,370.0,17.5,21.1,74.90%,華廈(10層含以下有電梯),三層/五層,土:1 建:1車:0,2房2廳1衛,無,有,109
下埔下４１之１號四樓,695.0,21.6,32.1,77.74%,華廈(10層含以下有電梯),四層/五層,土:1 建:1車:0,3房2廳2衛,無,有,109
湖下３０１號二樓,550.0,19.6,28.05,73.95%,華廈(10層含以下有電梯),二層/五層,土:1 建:1車:0,3房2廳2衛,無,有,109
安岐２３６之１號４樓,390.0,18.5,21.1,74.90%,華廈(10層含以下有電梯),四層/五層,土:1 建:1車:0,2房2廳1衛,無,有,109
安岐４２之６號三樓,460.0,17.4,26.51,78.57%,公寓(5樓含以下無電梯),三層/三層,土:1 建:1車:0,3房2廳2衛,無,無,109
頂堡５之９號四樓,790.0,17.0,47.08,59.88%,華廈(10層含以下有電梯),四層/六層,土:1 建:1車:1,3房2廳2衛,無,有,109
伯玉路二段１８３號,750.0,11.8,63.58,75.63%,公寓(5樓含以下無電梯),一層/三層,土:1 建:2車:0,,無,無,109
東洲７６號三樓,686.0,16.0,42.8,57.74%,公寓(5樓含以下無電梯),三層/三層,土:1 建:1車:1,3房2廳2衛,無,無,109
安岐３４５號,620.0,18.8,33.06,84.71%,華廈(10層含以下有電梯),一層/五層,土:1 建:1車:0,3房1廳2衛,有,有,109
下埔下４１之１號五樓,724.0,22.6,32.1,77.74%,華廈(10層含以下有電梯),五層/五層,土:1 建:1車:0,3房2廳2衛,無,有,109
安岐２９１號二樓,590.0,19.0,31.0,78.47%,華廈(10層含以下有電梯),二層/五層,土:1 建:1車:0,3房2廳2衛,無,有,109
昔果山５７之２號,535.0,18.8,28.46,88.32%,公寓(5樓含以下無電梯),一層/三層,土:1 建:1車:0,3房2廳2衛,無,無,109
下埔下４１之１號二樓,693.0,21.6,32.1,77.74%,華廈(10層含以下有電梯),二層/五層,土:1 建:1車:0,3房2廳2衛,無,有,109
湖下３０１之１號四樓,455.0,19.7,23.14,73.64%,華廈(10層含以下有電梯),四層/五層,土:1 建:1車:0,2房2廳1衛,無,有,109
湖下３００號三樓,560.0,20.0,28.05,73.95%,華廈(10層含以下有電梯),三層/五層,土:1 建:1車:0,3房2廳2衛,無,有,109
湖下３００號四樓,550.0,19.6,28.05,73.95%,華廈(10層含以下有電梯),四層/五層,土:1 建:1車:0,3房2廳2衛,無,有,109
湖下３００之１號四樓,450.0,19.4,23.14,73.64%,華廈(10層含以下有電梯),四層/五層,土:1 建:1車:0,2房2廳1衛,無,有,109
湖下３００之１號,460.0,20.0,23.05,73.44%,華廈(10層含以下有電梯),一層/五層,土:1 建:1車:0,2房2廳1衛,無,有,109
湖下３００之１號二樓,475.0,20.5,23.14,73.64%,華廈(10層含以下有電梯),二層/五層,土:1 建:1車:0,2房2廳1衛,無,有,109
湖下３００之１號五樓,462.0,20.0,23.14,73.64%,華廈(10層含以下有電梯),五層/五層,土:1 建:1車:0,2房2廳1衛,無,有,109
湖下３００之１號三樓,472.0,20.4,23.14,73.64%,華廈(10層含以下有電梯),三層/五層,土:1 建:1車:0,2房2廳1衛,無,有,109
湖下３０１號四樓,560.0,20.0,28.05,73.95%,華廈(10層含以下有電梯),四層/五層,土:1 建:1車:0,3房2廳2衛,無,有,109
湖下２５３號二樓,605.0,17.2,35.16,83.49%,華廈(10層含以下有電梯),二層/五層,土:3 建:1車:0,3房1廳3衛,有,有,109
湖下２５５號二樓,605.0,17.1,35.38,83.59%,華廈(10層含以下有電梯),二層/五層,土:3 建:1車:0,3房1廳3衛,有,有,109
湖下２５５號三樓,686.0,19.4,35.38,83.59%,華廈(10層含以下有電梯),三層/五層,土:3 建:1車:0,3房1廳3衛,有,有,109
西堡３９之９號四樓,530.0,19.2,27.63,79.56%,華廈(10層含以下有電梯),四層/五層,土:1 建:1車:0,3房2廳2衛,無,有,109
頂堡６３之７號三樓,680.0,20.1,33.87,82.99%,公寓(5樓含以下無電梯),三層/三層,土:1 建:2車:0,3房2廳2衛,無,無,109
湖下３８０之１７號三樓,500.0,26.5,18.89,74.83%,華廈(10層含以下有電梯),三層/四層,土:2 建:1車:0,2房1廳1衛,無,有,109
西堡３９之９號二樓,480.0,17.4,27.63,79.56%,華廈(10層含以下有電梯),二層/五層,土:1 建:1車:0,3房2廳2衛,無,有,109
下埔下４１之１號,720.0,23.2,30.99,80.36%,華廈(10層含以下有電梯),一層/五層,土:1 建:1車:0,3房2廳2衛,無,有,109
頂堡２５５號三樓,603.0,17.1,35.34,77.79%,公寓(5樓含以下無電梯),三層/三層,土:2 建:2車:0,2房2廳2衛,無,無,109
頂堡３００號三樓,630.0,17.5,35.95,71.11%,公寓(5樓含以下無電梯),三層/三層,土:1 建:1車:0,3房2廳2衛,無,無,109
安岐４２之６號二樓,462.0,17.4,26.51,78.57%,公寓(5樓含以下無電梯),二層/三層,土:1 建:1車:0,3房2廳2衛,無,無,109
湖南１３之１７號三樓,710.0,20.3,35.05,81.22%,公寓(5樓含以下無電梯),"三層,見其他登記事項/三層",土:1 建:1車:0,3房2廳3衛,無,無,109
西堡３９之１１號三樓,368.0,18.8,19.52,77.32%,華廈(10層含以下有電梯),三層/五層,土:1 建:1車:0,2房2廳1衛,無,有,109
下堡１２５號二樓,520.0,19.7,26.34,85.08%,公寓(5樓含以下無電梯),二層/三層,土:1 建:1車:0,3房2廳2衛,無,無,109
安岐４２之６號,465.0,17.5,26.51,78.57%,公寓(5樓含以下無電梯),一層/三層,土:1 建:1車:0,3房2廳2衛,無,無,109
下后垵５９號２樓,715.0,18.6,38.4,80.42%,華廈(10層含以下有電梯),二層/五層,土:2 建:1車:0,3房2廳2衛,無,有,109
嚨口３６號三樓,525.0,18.7,28.03,81.94%,公寓(5樓含以下無電梯),三層/三層,土:1 建:1車:0,3房2廳2衛,無,無,109
湖下２５３號三樓,700.0,19.9,35.16,83.49%,華廈(10層含以下有電梯),三層/五層,土:3 建:1車:0,3房1廳2衛,有,有,109
湖下２５５號四樓,725.0,20.5,35.38,83.59%,華廈(10層含以下有電梯),四層/五層,土:3 建:1車:0,3房1廳3衛,有,有,109
嚨口３５號三樓,525.0,18.7,28.03,81.94%,公寓(5樓含以下無電梯),三層/三層,土:1 建:1車:0,3房2廳2衛,無,無,109
安岐７７之１號二樓,550.0,18.3,30.08,78.01%,公寓(5樓含以下無電梯),二層/三層,土:1 建:2車:0,3房2廳2衛,無,無,109
東坑２３之１號,790.0,21.4,36.91,83.17%,公寓(5樓含以下無電梯),一層/三層,土:2 建:2車:0,3房2廳2衛,無,無,109
湖南３１０之２號２樓,650.0,19.1,34.1,78.36%,華廈(10層含以下有電梯),二層/五層,土:3 建:1車:0,3房2廳2衛,無,有,109
湖南３１０之３號２樓,630.0,18.5,34.1,78.36%,華廈(10層含以下有電梯),二層/五層,土:3 建:1車:0,3房2廳2衛,無,有,109
湖南３１０之３號,750.0,22.0,34.1,78.36%,華廈(10層含以下有電梯),一層/五層,土:3 建:1車:0,3房2廳2衛,無,有,109
湖南３１０之２號４樓,670.0,19.6,34.1,78.36%,華廈(10層含以下有電梯),四層/五層,土:3 建:1車:0,3房2廳2衛,無,有,109
湖南３１０之２號３樓,620.0,18.2,34.1,78.36%,華廈(10層含以下有電梯),三層/五層,土:3 建:1車:0,3房2廳2衛,無,有,109
湖南３１０之２號５樓,750.0,22.0,34.1,78.36%,華廈(10層含以下有電梯),五層/五層,土:3 建:1車:0,3房2廳2衛,無,有,109
湖南３１０之３號３樓,617.0,18.1,34.1,78.36%,華廈(10層含以下有電梯),三層/五層,土:3 建:1車:0,3房2廳2衛,無,有,109
湖南３１０之３號４樓,670.0,19.6,34.1,78.36%,華廈(10層含以下有電梯),四層/五層,土:3 建:1車:0,3房2廳2衛,無,有,109
湖南３１０之３號５樓,730.0,21.4,34.1,78.36%,華廈(10層含以下有電梯),五層/五層,土:3 建:1車:0,3房2廳2衛,無,有,109
湖南３１０號,650.0,19.1,34.1,78.36%,華廈(10層含以下有電梯),一層/五層,土:3 建:1車:0,3房2廳2衛,無,有,109
湖南３１０號３樓,613.4,18.0,34.1,78.36%,華廈(10層含以下有電梯),三層/五層,土:3 建:1車:0,3房2廳2衛,無,有,109
湖南３１０號５樓,728.0,21.4,34.1,78.36%,華廈(10層含以下有電梯),五層/五層,土:3 建:1車:0,3房2廳2衛,無,有,109
湖南３１０號２樓,700.0,20.5,34.1,78.36%,華廈(10層含以下有電梯),二層/五層,土:3 建:1車:0,3房2廳2衛,無,有,109
湖南３１０之１號４樓,660.0,19.4,34.1,78.36%,華廈(10層含以下有電梯),四層/五層,土:3 建:1車:0,3房2廳2衛,無,有,109
湖南３１０之１號２樓,660.0,19.4,34.1,78.36%,華廈(10層含以下有電梯),二層/五層,土:3 建:1車:0,3房2廳2衛,無,有,109
湖南３１０號４樓,655.0,19.2,34.1,78.36%,華廈(10層含以下有電梯),四層/五層,土:3 建:1車:0,3房2廳2衛,無,有,109
湖南３１０之１號３樓,600.0,17.6,34.1,78.36%,華廈(10層含以下有電梯),三層/五層,土:2 建:1車:0,3房2廳2衛,無,有,109
湖南３１０之２號,700.0,20.5,34.1,78.36%,華廈(10層含以下有電梯),一層/五層,土:3 建:1車:0,3房2廳2衛,無,有,109
嚨口３６號二樓,455.0,16.2,28.03,81.94%,公寓(5樓含以下無電梯),二層/三層,土:1 建:1車:0,3房2廳2衛,無,無,109
嚨口３５號二樓,468.0,16.7,28.03,81.96%,公寓(5樓含以下無電梯),二層/三層,土:1 建:1車:0,3房2廳2衛,無,無,109
下堡１００之１０號三樓,670.0,15.8,42.36,70.77%,公寓(5樓含以下無電梯),三層/三層,土:1 建:1車:1,3房2廳2衛,有,無,109
下后垵５９號３樓,730.0,19.0,38.4,80.42%,華廈(10層含以下有電梯),三層/五層,土:2 建:1車:0,3房2廳2衛,無,有,109
嚨口３５號,480.0,18.7,25.74,89.25%,公寓(5樓含以下無電梯),一層/三層,土:1 建:1車:0,3房2廳2衛,無,無,109
環島西路二段９０１巷１弄３８號二樓,528.0,15.2,34.74,75.59%,公寓(5樓含以下無電梯),二層/三層,土:1 建:2車:0,3房1廳4衛,無,無,109
安岐３４５號三樓,535.0,15.4,34.83,80.40%,華廈(10層含以下有電梯),三層/五層,土:1 建:1車:0,3房2廳2衛,無,有,109
安岐３４５號四樓,560.0,16.1,34.83,80.40%,華廈(10層含以下有電梯),四層/五層,土:1 建:1車:0,3房2廳2衛,無,有,109
湖下４３之５號,415.0,24.7,16.81,92.01%,公寓(5樓含以下無電梯),一層/三層,土:1 建:1車:0,2房2廳1衛,無,無,109
頂堡２５２號二樓,585.0,19.7,29.75,86.54%,公寓(5樓含以下無電梯),二層/三層,土:2 建:1車:0,3房2廳2衛,無,無,109
頂埔下２１之５號二樓,600.0,17.9,33.43,76.64%,公寓(5樓含以下無電梯),二層/三層,土:1 建:2車:0,3房2廳2衛,無,無,109
下埔下６之５號,430.0,28.3,15.2,89.27%,公寓(5樓含以下無電梯),一層/三層,土:1 建:1車:0,2房1廳1衛,無,無,109
西浦頭７５之５號二樓,430.0,14.8,29.08,82.75%,公寓(5樓含以下無電梯),二層/三層,土:1 建:1車:0,3房2廳2衛,無,無,109
西浦頭７５之６號二樓,430.0,14.8,29.08,82.75%,公寓(5樓含以下無電梯),二層/三層,土:1 建:1車:0,3房2廳2衛,無,無,109
安岐２３６之３號２樓,380.0,17.6,21.63,74.07%,華廈(10層含以下有電梯),二層/五層,土:1 建:1車:0,2房2廳1衛,無,有,109
下埔下１１９號四樓,590.0,21.8,27.05,79.28%,公寓(5樓含以下無電梯),四層/五層,土:2 建:1車:0,3房2廳2衛,無,無,109
西山１８號,418.0,16.5,25.38,77.93%,華廈(10層含以下有電梯),一層/五層,土:2 建:1車:0,3房2廳2衛,無,有,109
嚨口３６號,480.0,18.7,25.74,89.25%,公寓(5樓含以下無電梯),一層/三層,土:1 建:1車:0,3房2廳2衛,無,無,109
安岐２９０號三樓,410.0,18.3,22.46,80.47%,公寓(5樓含以下無電梯),三層/五層,土:1 建:1車:0,2房1廳2衛,無,無,109
前厝４６之９號二樓,635.0,12.7,50.07,64.27%,公寓(5樓含以下無電梯),二層/三層,土:1 建:1車:1,3房2廳2衛,無,無,109
環島西路二段９０１巷１弄３８號三樓,550.0,15.8,34.74,75.59%,公寓(5樓含以下無電梯),三層/三層,土:1 建:2車:0,3房1廳4衛,無,無,109
下堡１００之８號三樓,790.0,17.7,44.55,71.48%,公寓(5樓含以下無電梯),三層/三層,土:1 建:1車:1,3房2廳2衛,無,無,109
安岐３４５號二樓,540.0,15.5,34.83,80.40%,華廈(10層含以下有電梯),二層/五層,土:1 建:1車:0,3房2廳2衛,無,有,109
安岐３４５號五樓,570.0,16.4,34.83,80.40%,華廈(10層含以下有電梯),五層/五層,土:1 建:1車:0,2房2廳2衛,無,有,109
安岐３４６號四樓,560.0,16.1,34.83,80.40%,華廈(10層含以下有電梯),四層/五層,土:1 建:1車:0,3房2廳2衛,無,有,109
安岐３４６號五樓,580.0,16.7,34.83,80.40%,華廈(10層含以下有電梯),五層/五層,土:1 建:1車:0,3房2廳2衛,無,有,109
安岐３４６號三樓,570.0,16.4,34.83,80.40%,華廈(10層含以下有電梯),三層/五層,土:1 建:1車:0,3房2廳2衛,無,有,109
西浦頭７５之６號三樓,480.0,16.5,29.08,82.75%,公寓(5樓含以下無電梯),三層/三層,土:1 建:1車:0,3房2廳2衛,無,無,109
安岐７７之１號三樓,540.0,18.0,30.08,78.01%,公寓(5樓含以下無電梯),三層/三層,土:1 建:2車:0,3房2廳2衛,無,無,109
安岐２３６之２號３樓,385.0,18.0,21.38,74.03%,華廈(10層含以下有電梯),三層/五層,土:1 建:1車:0,2房2廳1衛,無,有,109
東洲１２８號,748.0,24.7,30.28,89.92%,公寓(5樓含以下無電梯),一層/三層,土:2 建:1車:0,3房2廳2衛,無,無,109
湖下４３之６號二樓,625.0,21.5,29.09,86.19%,公寓(5樓含以下無電梯),二層/三層,土:1 建:1車:0,3房2廳2衛,無,無,109
西山１７號二樓,455.0,15.9,28.56,75.13%,華廈(10層含以下有電梯),二層/五層,土:2 建:1車:0,3房2廳2衛,無,有,109
下堡１００之２８號二樓之３,205.0,24.1,8.49,79.34%,公寓(5樓含以下無電梯),二層/三層,土:1 建:1車:0,1房1廳1衛,無,無,109
西堡３９之１１號四樓,350.0,17.9,19.52,77.32%,華廈(10層含以下有電梯),四層/五層,土:1 建:1車:0,2房2廳1衛,無,有,109
西山１８號二樓,445.0,16.3,27.37,72.27%,華廈(10層含以下有電梯),二層/五層,土:2 建:1車:0,3房2廳2衛,無,有,109
西山１８號五樓,450.0,16.4,27.41,72.17%,華廈(10層含以下有電梯),五層/五層,土:2 建:1車:0,3房2廳2衛,無,有,109
仁愛新１０８號二樓,720.0,19.9,36.12,87.84%,公寓(5樓含以下無電梯),二層/三層,土:2 建:1車:0,3房2廳3衛,無,無,109
埔邊３８號二樓,770.0,23.0,33.52,83.39%,公寓(5樓含以下無電梯),二層/三層,土:1 建:1車:0,2房2廳2衛,無,無,109
頂堡２４６號,425.0,19.0,22.42,85.38%,公寓(5樓含以下無電梯),一層/三層,土:1 建:1車:0,2房1廳2衛,無,無,109
安岐２３６之２號２樓,380.0,17.8,21.38,74.03%,華廈(10層含以下有電梯),二層/五層,土:1 建:1車:0,2房2廳1衛,無,有,109
下埔下６之３號,400.0,26.4,15.15,89.26%,公寓(5樓含以下無電梯),一層/三層,土:1 建:1車:0,2房1廳1衛,無,無,109
下埔下６８之１號,460.0,20.2,22.74,89.98%,公寓(5樓含以下無電梯),一層/三層,土:1 建:1車:0,3房2廳2衛,無,無,109
湖下４３之５號三樓,395.0,21.8,18.11,85.42%,公寓(5樓含以下無電梯),三層/三層,土:1 建:1車:0,2房1廳1衛,無,無,109
湖下４３之５號二樓,390.0,21.5,18.11,85.42%,公寓(5樓含以下無電梯),二層/三層,土:1 建:1車:0,2房1廳1衛,無,無,109
頂堡９７之５號三樓,630.0,17.7,35.63,74.25%,公寓(5樓含以下無電梯),三層/三層,土:2 建:1車:0,3房2廳2衛,無,無,109
下后垵５９號,730.0,19.4,37.58,80.47%,華廈(10層含以下有電梯),一層/五層,土:2 建:1車:0,3房2廳2衛,無,有,109
安岐２３０號二樓,600.0,21.7,27.7,87.89%,公寓(5樓含以下無電梯),二層/三層,土:2 建:1車:0,3房2廳2衛,無,無,109
下后垵５８號２樓,730.0,20.0,36.5,79.80%,華廈(10層含以下有電梯),二層/五層,土:2 建:1車:0,3房2廳2衛,無,有,109
安岐２３６之１號５樓,382.8,18.1,21.15,74.72%,華廈(10層含以下有電梯),五層/五層,土:1 建:1車:0,2房2廳1衛,無,有,109
林湖路５１３號三樓,750.0,23.8,31.47,79.49%,華廈(10層含以下有電梯),三層/三層,土:2 建:1車:0,3房2廳2衛,無,有,109
西堡３９之９號,550.0,19.9,27.63,79.56%,華廈(10層含以下有電梯),一層/五層,土:1 建:1車:0,3房1廳2衛,無,有,109
湖下２１３之１０號三樓,510.0,11.5,44.33,59.45%,公寓(5樓含以下無電梯),三層/三層,土:2 建:1車:1,3房2廳2衛,無,無,109
下堡１００之１５號,195.0,20.4,9.57,64.88%,公寓(5樓含以下無電梯),一層/三層,土:1 建:1車:0,1房1廳1衛,無,無,109
環島西路二段９０１巷１弄３８號二樓,550.0,15.8,34.74,75.59%,公寓(5樓含以下無電梯),二層/三層,土:1 建:1車:0,3房1廳4衛,無,無,109
頂堡２４７號,438.0,19.5,22.42,85.38%,公寓(5樓含以下無電梯),一層/三層,土:1 建:1車:0,2房1廳2衛,無,無,109
下堡１８８號,800.0,25.0,32.05,78.77%,華廈(10層含以下有電梯),一層/五層,土:1 建:1車:0,3房2廳2衛,無,無,109
下堡１８８號二樓,725.0,22.6,32.05,78.77%,華廈(10層含以下有電梯),二層/五層,土:1 建:1車:0,3房2廳2衛,無,無,109
下堡１８８號三樓　,725.0,22.6,32.05,78.77%,華廈(10層含以下有電梯),三層/五層,土:1 建:1車:0,3房2廳2衛,無,無,109
下堡１８８號四樓,715.0,22.3,32.05,78.77%,華廈(10層含以下有電梯),四層/五層,土:1 建:1車:0,3房2廳2衛,無,無,109
下堡１８８號五樓,735.0,22.9,32.05,78.77%,華廈(10層含以下有電梯),五層/五層,土:1 建:1車:0,3房2廳2衛,無,無,109
下堡１８８之１號二樓,725.0,22.6,32.05,78.77%,華廈(10層含以下有電梯),二層/五層,土:1 建:1車:0,3房2廳2衛,無,無,109
下堡１８８之１號,800.0,25.0,32.05,78.77%,華廈(10層含以下有電梯),一層/五層,土:1 建:1車:0,3房2廳2衛,無,無,109
下堡１８８之１號三樓,725.0,22.6,32.05,78.77%,華廈(10層含以下有電梯),三層/五層,土:1 建:1車:0,3房2廳2衛,無,無,109
下堡１８８之１號四樓,715.0,22.3,32.05,78.77%,華廈(10層含以下有電梯),四層/五層,土:1 建:1車:0,3房2廳2衛,無,無,109
下堡１８８之１號五樓,735.0,22.9,32.05,78.77%,華廈(10層含以下有電梯),五層/五層,土:1 建:1車:0,3房2廳2衛,無,無,109
下埔下６之８號三樓,415.0,24.8,16.7,80.89%,公寓(5樓含以下無電梯),三層/三層,土:1 建:1車:0,2房1廳1衛,無,無,109
下埔下６之９號三樓,415.0,24.8,16.76,80.94%,公寓(5樓含以下無電梯),三層/三層,土:1 建:1車:0,2房1廳1衛,無,無,109
安岐２３６之１號,375.0,19.2,19.48,81.11%,華廈(10層含以下有電梯),一層/五層,土:1 建:1車:0,2房2廳1衛,無,有,109
仁愛新?６６之３號二樓,450.0,23.8,18.93,85.81%,公寓(5樓含以下無電梯),二層/三層,土:1 建:1車:0,2房2廳2衛,無,無,109
環島西路二段９０１巷１弄３８號三樓,550.0,15.8,34.74,75.59%,公寓(5樓含以下無電梯),三層/三層,土:1 建:1車:0,3房1廳4衛,無,無,109
西浦頭７９之１１號二樓,380.0,16.7,22.77,84.23%,公寓(5樓含以下無電梯),二層/三層,土:1 建:1車:0,2房1廳1衛,無,無,109
東洲７６之２號,760.0,17.9,42.47,58.08%,華廈(10層含以下有電梯),一層/三層,土:1 建:1車:0,3房2廳2衛,無,無,109
東堡１３之３號二樓,350.0,16.4,21.4,87.72%,公寓(5樓含以下無電梯),二層/三層,土:1 建:1車:0,2房2廳2衛,無,無,109
湖下４３之６號,650.0,22.3,29.09,86.19%,公寓(5樓含以下無電梯),一層/三層,土:1 建:1車:0,3房2廳2衛,無,無,109
瓊安路９６９號,540.0,19.8,27.22,81.71%,華廈(10層含以下有電梯),一層/四層,土:1 建:1車:0,3房2廳2衛,無,無,109
瓊安路９７１號三樓,510.0,19.0,26.84,81.77%,華廈(10層含以下有電梯),三層/四層,土:1 建:1車:0,3房2廳2衛,無,無,109
瓊安路９７１號四樓,520.0,19.4,26.84,81.77%,華廈(10層含以下有電梯),四層/四層,土:1 建:1車:0,3房2廳2衛,無,無,109
下埔下６之３號二樓,400.0,23.9,16.71,80.90%,公寓(5樓含以下無電梯),二層/三層,土:1 建:1車:0,2房1廳1衛,無,無,109
下埔下６之９號二樓,396.0,23.6,16.76,80.94%,公寓(5樓含以下無電梯),二層/三層,土:1 建:1車:0,2房1廳1衛,無,無,109
安岐２３６之３號４樓,395.0,18.3,21.63,74.07%,華廈(10層含以下有電梯),四層/五層,土:1 建:1車:0,2房2廳1衛,無,有,109
瓊安路９６９號三樓,510.0,18.7,27.22,81.71%,華廈(10層含以下有電梯),三層/四層,土:1 建:1車:0,3房2廳2衛,無,無,109
瓊安路９６９號四樓,520.0,19.1,27.22,81.71%,華廈(10層含以下有電梯),四層/四層,土:1 建:1車:0,3房2廳2衛,無,無,109
瓊安路９６９號二樓,510.0,18.7,27.22,81.71%,華廈(10層含以下有電梯),二層/四層,土:1 建:1車:0,3房2廳2衛,無,無,109
下堡１２５之１號,510.0,21.3,23.99,92.28%,公寓(5樓含以下無電梯),一層/三層,土:1 建:1車:0,3房2廳2衛,無,無,109
下堡１２５之１號三樓,535.0,20.5,26.07,84.93%,公寓(5樓含以下無電梯),三層/三層,土:1 建:1車:0,3房2廳2衛,無,無,109
榜林４２號二樓,620.0,20.9,29.74,81.29%,公寓(5樓含以下無電梯),二層/三層,土:1 建:1車:0,3房2廳2衛,無,無,109
東堡１３之３號三樓,420.0,19.6,21.4,87.72%,公寓(5樓含以下無電梯),三層/三層,土:1 建:1車:0,3房2廳2衛,無,無,109
東坑１１號三樓,605.0,19.4,31.2,65.18%,公寓(5樓含以下無電梯),三層/三層,土:1 建:1車:0,3房2廳2衛,無,無,109
安岐４８之７號二樓,335.0,17.1,19.65,81.00%,公寓(5樓含以下無電梯),二層/三層,土:1 建:1車:0,2房1廳1衛,無,無,109
安岐３５１號五樓,540.0,18.8,28.7,72.96%,華廈(10層含以下有電梯),五層/五層,土:1 建:1車:0,3房2廳2衛,無,無,109
頂堡２４８號二樓,380.0,16.0,23.82,80.36%,公寓(5樓含以下無電梯),二層/三層,土:1 建:1車:0,2房1廳2衛,無,無,109
頂堡２４８號三樓,480.0,20.2,23.82,80.36%,公寓(5樓含以下無電梯),三層/三層,土:1 建:1車:0,2房1廳2衛,無,無,109
頂堡２４９號三樓,480.0,20.2,23.82,80.36%,公寓(5樓含以下無電梯),三層/三層,土:1 建:1車:0,2房1廳2衛,無,無,109
安岐２３６之２號,380.0,19.3,19.74,80.18%,華廈(10層含以下有電梯),一層/五層,土:1 建:1車:0,2房2廳1衛,無,有,109
下堡２２８號,580.0,14.9,38.88,91.28%,公寓(5樓含以下無電梯),"一層,地下一層/三層",土:1 建:1車:0,4房2廳2衛,無,無,109
下埔下６之８號二樓,396.0,23.7,16.7,80.89%,公寓(5樓含以下無電梯),二層/三層,土:1 建:1車:0,2房1廳1衛,無,無,109
下堡１９２號二樓,210.0,19.2,10.91,80.21%,公寓(5樓含以下無電梯),二層/三層,土:1 建:1車:0,1房1廳1衛,無,無,109
西浦頭７９之９號三樓,403.0,16.7,24.07,81.54%,公寓(5樓含以下無電梯),三層/三層,土:1 建:1車:0,3房2廳2衛,無,無,109
下堡１２１號四樓之１,495.0,18.8,26.4,72.11%,華廈(10層含以下有電梯),四層/五層,土:1 建:1車:0,3房2廳2衛,無,有,109
下堡１２２號四樓之１,543.0,18.6,29.16,74.06%,華廈(10層含以下有電梯),四層/五層,土:1 建:1車:0,3房2廳2衛,無,有,109
下埔下６之８號,450.0,29.7,15.14,89.25%,公寓(5樓含以下無電梯),一層/三層,土:1 建:1車:0,2房1廳1衛,無,無,109
下堡１００之１２號二樓,838.0,19.4,43.1,68.54%,公寓(5樓含以下無電梯),二層/三層,土:1 建:1車:0,4房0廳4衛,無,無,109
下堡２２８號三樓,480.0,16.5,29.05,81.46%,公寓(5樓含以下無電梯),三層/三層,土:1 建:1車:0,3房2廳2衛,無,無,108
湖下２１３之９號３樓,560.0,12.7,44.17,59.28%,公寓(5樓含以下無電梯),三層/三層,土:2 建:1車:1,3房2廳2衛,無,無,108
下堡１２１號五樓之１,550.0,19.1,31.85,72.11%,華廈(10層含以下有電梯),五層/五層,土:1 建:1車:1,3房2廳2衛,無,有,108
下堡１２１號三樓之１,538.0,18.6,31.85,72.11%,華廈(10層含以下有電梯),三層/五層,土:1 建:1車:1,3房2廳2衛,無,有,108
下堡１２２號五樓之２,560.0,18.9,32.66,72.56%,華廈(10層含以下有電梯),五層/五層,土:1 建:1車:1,3房2廳2衛,無,有,108
下堡１２１號,515.0,19.4,26.58,72.05%,華廈(10層含以下有電梯),一層/五層,土:1 建:1車:0,3房2廳2衛,無,有,108
下堡１２２號三樓之２,500.0,18.4,27.21,72.56%,華廈(10層含以下有電梯),三層/五層,土:1 建:1車:0,3房2廳2衛,無,有,108
下堡１２２號四樓之２,500.0,18.4,27.21,72.56%,華廈(10層含以下有電梯),四層/五層,土:1 建:1車:0,3房2廳2衛,無,有,108
下堡１２２號,513.5,19.9,25.82,72.20%,華廈(10層含以下有電梯),一層/五層,土:1 建:1車:0,3房2廳2衛,無,有,108
下堡１２２號二樓之２,550.0,16.8,32.66,60.45%,華廈(10層含以下有電梯),二層/五層,土:1 建:1車:0,3房2廳2衛,無,有,108
下堡１２１號四樓之２,543.0,18.6,29.16,74.06%,華廈(10層含以下有電梯),四層/五層,土:1 建:1車:0,3房2廳2衛,無,有,108
榜林２９之５號,690.0,23.5,29.35,91.20%,公寓(5樓含以下無電梯),一層/三層,土:2 建:1車:0,3房2廳2衛,無,無,108
安岐２９１號五樓,635.0,20.5,31.0,78.47%,華廈(10層含以下有電梯),五層/五層,土:1 建:1車:0,3房2廳2衛,無,無,108
下堡１９０號三樓,730.0,19.1,38.28,88.60%,公寓(5樓含以下無電梯),三層/三層,土:1 建:1車:0,3房1廳2衛,無,無,108
安岐２３１號二樓,560.0,19.0,29.51,82.75%,公寓(5樓含以下無電梯),二層/三層,土:2 建:1車:0,3房2廳2衛,無,無,108
榜林６之１３號二樓,745.0,19.6,38.07,66.78%,華廈(10層含以下有電梯),二層/四層,土:1 建:1車:0,3房1廳2衛,無,無,108
榜林６之１３號,800.0,21.9,36.49,69.67%,華廈(10層含以下有電梯),一層/四層,土:1 建:1車:0,3房1廳2衛,無,無,108
榜林６之１３號三樓,750.0,19.7,38.07,66.78%,華廈(10層含以下有電梯),三層/四層,土:1 建:1車:0,3房1廳2衛,無,無,108
安岐２３６之３號,395.0,19.8,19.98,80.18%,華廈(10層含以下有電梯),一層/五層,土:1 建:1車:0,2房2廳1衛,無,有,108
頂堡６３之６號三樓,580.0,20.4,28.47,85.64%,公寓(5樓含以下無電梯),三層/三層,土:1 建:1車:0,3房2廳2衛,無,無,108
下堡２２７號三樓,500.0,16.6,30.15,78.49%,公寓(5樓含以下無電梯),三層/三層,土:1 建:1車:0,3房2廳2衛,無,無,108
安岐２９０號四樓之１,560.0,18.4,30.37,80.66%,華廈(10層含以下有電梯),四層/五層,土:1 建:1車:0,3房2廳2衛,無,無,108
安岐２３６號５樓,573.8,17.5,32.79,73.24%,華廈(10層含以下有電梯),五層/五層,土:1 建:1車:0,2房2廳2衛,無,有,108
安岐２３６之３號３樓,367.4,17.0,21.63,74.07%,華廈(10層含以下有電梯),三層/五層,土:1 建:1車:0,2房2廳1衛,無,有,108
安岐２３６號,456.4,18.5,24.65,81.09%,華廈(10層含以下有電梯),一層/五層,土:1 建:1車:0,1房1廳2衛,無,有,108
安岐２９０號四樓之１,536.2,17.7,30.37,80.66%,華廈(10層含以下有電梯),四層/五層,土:1 建:1車:0,3房2廳2衛,無,無,108
安美村安岐６１３號,625.0,17.9,34.95,85.95%,華廈(10層含以下有電梯),一層/三層,土:1 建:1車:0,3房2廳2衛,無,無,108
西山１８號四樓,431.5,15.8,27.37,72.27%,華廈(10層含以下有電梯),四層/五層,土:2 建:1車:0,3房2廳2衛,無,有,108
西山１８號三樓,431.5,15.8,27.37,72.28%,華廈(10層含以下有電梯),三層/五層,土:2 建:1車:0,3房2廳2衛,無,有,108
東坑１１之２號三樓,470.0,19.0,24.72,81.27%,公寓(5樓含以下無電梯),三層/三層,土:1 建:1車:0,2房2廳2衛,無,無,108
東坑１１之１號三樓,460.0,18.6,24.72,81.27%,公寓(5樓含以下無電梯),三層/三層,土:2 建:1車:0,3房2廳2衛,無,無,108
安岐２９０號二樓之１,630.0,20.7,30.37,80.66%,華廈(10層含以下有電梯),二層/五層,土:2 建:1車:0,3房2廳2衛,無,無,108
上后垵１１２號３樓,400.0,20.3,19.72,85.98%,公寓(5樓含以下無電梯),三層/三層,土:1 建:1車:0,2房2廳2衛,無,無,108
湖下５之５號,640.0,24.3,26.35,86.23%,公寓(5樓含以下無電梯),一層/三層,土:1 建:1車:0,3房2廳2衛,無,無,108
頂埔下８６號二樓,550.0,23.4,23.54,70.77%,華廈(10層含以下有電梯),二層/四層,土:2 建:1車:0,2房1廳2衛,無,無,108
頂埔下８６號三樓,530.0,22.5,23.54,70.77%,華廈(10層含以下有電梯),三層/四層,土:2 建:1車:0,2房1廳2衛,無,無,108
頂埔下８６之１號三樓,840.0,23.7,35.43,77.93%,華廈(10層含以下有電梯),三層/四層,土:2 建:1車:0,3房2廳2衛,無,無,108
頂埔下８６之１號二樓,840.0,23.7,35.43,77.93%,華廈(10層含以下有電梯),二層/四層,土:2 建:1車:0,3房2廳2衛,無,無,108
頂埔下８６之１號四樓,840.0,23.7,35.43,77.93%,華廈(10層含以下有電梯),四層/四層,土:2 建:1車:0,3房2廳2衛,無,無,108
安岐２２９號三樓,490.0,17.2,28.56,83.98%,公寓(5樓含以下無電梯),三層/三層,土:2 建:1車:0,3房2廳2衛,無,無,108
西山１７號,455.0,15.9,28.56,75.13%,華廈(10層含以下有電梯),一層/五層,土:2 建:1車:0,3房2廳2衛,無,有,108
東坑１１之１號二樓,450.0,18.2,24.72,81.27%,公寓(5樓含以下無電梯),二層/三層,土:1 建:1車:0,3房2廳2衛,無,無,108
下堡１９２號三樓,200.0,18.3,10.91,80.21%,公寓(5樓含以下無電梯),三層/三層,土:1 建:1車:0,1房1廳1衛,無,無,108
下堡１９７號三樓,200.0,18.3,10.91,80.21%,公寓(5樓含以下無電梯),三層/三層,土:1 建:1車:0,1房1廳1衛,無,無,108
東坑１１之２號,510.0,20.6,24.72,81.27%,公寓(5樓含以下無電梯),一層/三層,土:1 建:1車:0,3房2廳2衛,無,無,108
下后垵５８號５樓,735.0,20.1,36.5,79.80%,華廈(10層含以下有電梯),五層/五層,土:2 建:1車:0,3房2廳2衛,無,有,108
頂堡２９９號二樓,590.0,16.2,36.48,71.53%,公寓(5樓含以下無電梯),二層/三層,土:1 建:1車:0,3房2廳2衛,無,無,108
頂堡２４７號二樓,403.0,16.9,23.81,80.37%,公寓(5樓含以下無電梯),二層/三層,土:1 建:1車:0,2房1廳2衛,無,無,108
下堡１９８號三樓,210.0,19.2,10.91,80.21%,公寓(5樓含以下無電梯),三層/三層,土:1 建:1車:0,1房1廳1衛,無,無,108
頂堡２９９號三樓,640.0,17.5,36.48,71.53%,公寓(5樓含以下無電梯),三層/三層,土:1 建:1車:0,3房2廳2衛,無,無,108
頂堡２４８號,450.0,20.1,22.42,85.35%,公寓(5樓含以下無電梯),一層/三層,土:1 建:1車:0,2房1廳2衛,無,無,108
頂堡２４６號三樓,480.0,20.2,23.81,80.37%,公寓(5樓含以下無電梯),三層/三層,土:1 建:1車:0,2房1廳2衛,無,無,108
頂堡２４６號二樓,405.0,17.0,23.81,80.37%,公寓(5樓含以下無電梯),二層/三層,土:1 建:1車:0,2房1廳2衛,無,無,108
頂堡２４９號,460.0,20.5,22.42,85.35%,公寓(5樓含以下無電梯),一層/三層,土:1 建:1車:0,2房1廳2衛,無,無,108
頂堡２４９號二樓,400.0,16.8,23.82,80.36%,公寓(5樓含以下無電梯),二層/三層,土:1 建:1車:0,2房1廳2衛,無,無,108
頂堡２４７號三樓,500.0,21.0,23.81,80.37%,公寓(5樓含以下無電梯),三層/三層,土:1 建:1車:0,2房1廳2衛,無,無,108
安岐２９０號四樓之１,650.0,21.4,30.37,80.66%,華廈(10層含以下有電梯),四層/五層,土:1 建:1車:0,3房2廳2衛,無,無,108
東洲９１號三樓,600.0,19.2,31.25,81.02%,公寓(5樓含以下無電梯),三層/三層,土:1 建:1車:0,2房1廳3衛,無,無,108
東洲９１號二樓,400.0,12.8,31.25,81.02%,公寓(5樓含以下無電梯),二層/三層,土:1 建:1車:0,2房1廳3衛,無,無,108
東洲９１號,700.0,22.5,31.1,81.41%,公寓(5樓含以下無電梯),一層/三層,土:1 建:1車:0,2房1廳3衛,無,無,108
下堡１９６號三樓,210.0,19.2,10.91,80.21%,公寓(5樓含以下無電梯),三層/三層,土:1 建:1車:0,1房1廳1衛,無,無,108
頂埔下２３之６號三樓,420.0,17.8,23.55,81.16%,公寓(5樓含以下無電梯),三層/三層,土:2 建:1車:0,2房2廳1衛,無,無,108
下埔下６之６號二樓,550.0,15.0,36.58,88.86%,公寓(5樓含以下無電梯),二層/三層,土:1 建:1車:0,3房2廳4衛,無,無,108
東洲段９３號３樓,460.0,16.1,28.5,85.22%,公寓(5樓含以下無電梯),三層/三層,土:1 建:1車:0,3房2廳2衛,無,無,108
下埔下１２０號三樓,560.0,20.8,26.93,79.19%,華廈(10層含以下有電梯),三層/五層,土:2 建:1車:0,3房2廳2衛,無,無,108
西山１７號三樓,450.0,15.8,28.56,75.13%,華廈(10層含以下有電梯),三層/五層,土:2 建:1車:0,3房2廳2衛,無,有,108
下堡２２９號二樓,399.0,16.1,24.78,76.62%,公寓(5樓含以下無電梯),二層/三層,土:1 建:1車:0,2房2廳2衛,無,無,108
榜林６之１２號二樓,530.0,21.4,24.82,84.13%,公寓(5樓含以下無電梯),二層/三層,土:1 建:1車:0,2房1廳1衛,無,無,108
西山１７號五樓,460.0,16.1,28.56,75.13%,華廈(10層含以下有電梯),五層/五層,土:2 建:1車:0,3房2廳2衛,無,有,108
東洲７６號二樓之一,350.0,20.6,16.96,57.47%,華廈(10層含以下有電梯),二層/三層,土:1 建:1車:0,1房1廳1衛,無,無,108
下后垵５９號４樓,700.0,18.2,38.4,80.42%,華廈(10層含以下有電梯),四層/五層,土:2 建:1車:0,3房2廳2衛,無,有,108
湖下２３１之１號三樓,370.0,15.1,24.55,83.64%,公寓(5樓含以下無電梯),三層/三層,土:1 建:1車:0,3房1廳2衛,無,無,108
下堡２０１號二樓,700.0,19.2,36.42,80.13%,公寓(5樓含以下無電梯),二層/三層,土:1 建:1車:0,3房2廳2衛,有,無,108
下后垵５８號３樓,730.0,20.0,36.5,79.80%,華廈(10層含以下有電梯),三層/五層,土:2 建:1車:0,3房2廳2衛,無,有,108
西山１７號四樓,436.0,15.3,28.56,75.13%,華廈(10層含以下有電梯),四層/五層,土:2 建:1車:0,3房2廳2衛,無,有,108
西堡３９之８號二樓,380.0,19.8,19.18,77.19%,公寓(5樓含以下無電梯),二層/三層,土:1 建:1車:0,2房2廳1衛,無,無,108
下堡２２６號二樓,420.0,17.0,24.78,76.62%,公寓(5樓含以下無電梯),二層/三層,土:1 建:1車:0,2房2廳2衛,無,無,108
安岐３５２號四樓,490.0,18.5,26.5,72.83%,華廈(10層含以下有電梯),四層/五層,土:1 建:1車:0,3房2廳2衛,無,無,108
頂堡９７之５號三樓,630.0,17.7,35.63,74.25%,公寓(5樓含以下無電梯),三層/三層,土:2 建:1車:0,3房2廳2衛,無,無,108
頂堡９７之６號三樓,700.0,18.9,37.01,75.25%,公寓(5樓含以下無電梯),三層/三層,土:2 建:1車:0,3房2廳2衛,無,無,108
下堡１９７號二樓,206.0,18.9,10.91,80.21%,公寓(5樓含以下無電梯),二層/三層,土:1 建:1車:0,1房1廳1衛,無,無,108
下堡２２７號二樓,525.0,17.4,30.15,78.49%,公寓(5樓含以下無電梯),二層/三層,土:1 建:1車:0,3房1廳2衛,無,無,108
安岐３５１號三樓,535.0,18.6,28.7,72.96%,華廈(10層含以下有電梯),三層/五層,土:1 建:1車:0,3房2廳2衛,無,無,108
西堡３９之７號三樓,525.0,19.8,26.47,82.88%,公寓(5樓含以下無電梯),三層/三層,土:1 建:1車:0,3房2廳2衛,無,無,108
西堡３９之８號三樓,380.0,19.8,19.18,77.19%,公寓(5樓含以下無電梯),三層/三層,土:1 建:1車:0,2房2廳1衛,無,無,108
湖南１３之１８號,568.0,21.3,26.62,81.41%,公寓(5樓含以下無電梯),一層/三層,土:1 建:1車:0,2房2廳2衛,無,無,108
埔邊１４２號地下一樓,100.0,35.5,2.82,66.38%,華廈(10層含以下有電梯),地下一層/三層,土:1 建:1車:0,1房1廳1衛,無,無,108
安岐３５１號二樓,520.0,18.1,28.7,72.96%,華廈(10層含以下有電梯),二層/五層,土:1 建:1車:0,3房2廳2衛,無,無,108
安岐３５２號五樓,488.0,18.4,26.5,72.83%,華廈(10層含以下有電梯),五層/五層,土:1 建:1車:0,3房2廳2衛,無,無,108
下后垵５９號５樓,700.0,18.2,38.4,80.42%,華廈(10層含以下有電梯),五層/五層,土:2 建:1車:0,3房2廳2衛,無,有,108
西堡３９之７號二樓,525.0,19.8,26.47,82.88%,公寓(5樓含以下無電梯),二層/三層,土:1 建:1車:0,3房2廳2衛,無,無,108
安岐４８之１３號,510.0,19.0,26.84,94.06%,公寓(5樓含以下無電梯),一層/三層,土:1 建:1車:0,3房2廳2衛,無,無,108
下后垵５８號４樓,700.0,19.2,36.5,79.80%,華廈(10層含以下有電梯),四層/五層,土:2 建:1車:0,3房2廳2衛,無,有,108
榜林６之１１號二樓,615.0,23.4,26.31,84.10%,公寓(5樓含以下無電梯),二層/三層,土:1 建:1車:0,3房2廳2衛,無,無,108
東州９３號,560.0,21.5,26.08,93.11%,公寓(5樓含以下無電梯),一層/三層,土:1 建:1車:0,3房2廳2衛,無,無,108
東州９３號二樓,560.0,19.6,28.5,85.22%,公寓(5樓含以下無電梯),二層/三層,土:1 建:1車:0,3房2廳2衛,無,無,108
下堡１９９號,111.5,20.1,5.55,80.50%,公寓(5樓含以下無電梯),一層/三層,土:1 建:1車:0,1房1廳1衛,無,無,108
頂埔下２９號二樓之１９,240.0,20.6,11.67,64.07%,華廈(10層含以下有電梯),二層/三層,土:1 建:1車:0,1房1廳1衛,無,無,108
下堡１９６號二樓,206.0,18.9,10.91,80.21%,公寓(5樓含以下無電梯),二層/三層,土:1 建:1車:0,1房1廳1衛,無,無,108
埔邊１４２號地下一樓,100.0,35.5,2.82,66.38%,華廈(10層含以下有電梯),地下一層/三層,土:1 建:1車:0,1房1廳1衛,無,無,108
下堡１９８號二樓,215.0,19.7,10.91,80.21%,公寓(5樓含以下無電梯),二層/三層,土:1 建:1車:0,1房1廳1衛,無,無,108
安岐２２２號,550.0,21.3,25.86,90.30%,公寓(5樓含以下無電梯),一層/三層,土:2 建:1車:0,3房2廳2衛,無,無,108
昔果山８６之２號五樓,555.0,18.0,30.77,78.17%,華廈(10層含以下有電梯),五層/五層,土:2 建:1車:0,3房2廳2衛,無,無,108
昔果山８６之２號四樓,560.0,18.2,30.77,78.17%,華廈(10層含以下有電梯),四層/五層,土:2 建:1車:0,3房2廳2衛,無,無,108
昔果山８６之１號二樓,550.0,18.0,30.53,77.99%,華廈(10層含以下有電梯),二層/五層,土:2 建:1車:0,3房2廳2衛,無,無,108
昔果山８６之１號,580.0,19.0,30.53,77.99%,華廈(10層含以下有電梯),一層/五層,土:2 建:1車:0,3房2廳2衛,無,無,108
昔果山８６之１號五樓,570.0,18.5,30.77,78.17%,華廈(10層含以下有電梯),五層/五層,土:2 建:1車:0,3房2廳2衛,無,無,108
昔果山８６之１號四樓,545.0,17.8,30.68,78.10%,華廈(10層含以下有電梯),四層/五層,土:2 建:1車:0,3房2廳2衛,無,無,108
昔果山８６之１號三樓,555.0,18.2,30.53,77.99%,華廈(10層含以下有電梯),三層/五層,土:2 建:1車:0,3房2廳2衛,無,無,108
西堡３９之６號,375.0,21.4,17.5,81.28%,公寓(5樓含以下無電梯),一層/三層,土:1 建:1車:0,2房2廳1衛,無,無,108
西堡３９之７號,555.0,21.0,26.47,82.88%,公寓(5樓含以下無電梯),一層/三層,土:1 建:1車:0,3房2廳2衛,無,無,108
西堡３９之８號,410.0,21.4,19.18,77.19%,公寓(5樓含以下無電梯),一層/三層,土:1 建:1車:0,2房2廳1衛,無,無,108
西堡３９之５號二樓,380.0,19.7,19.24,78.84%,公寓(5樓含以下無電梯),二層/三層,土:1 建:1車:0,2房2廳1衛,無,無,108
西堡３９之５號三樓,380.0,19.7,19.24,78.84%,公寓(5樓含以下無電梯),三層/三層,土:1 建:1車:0,2房2廳1衛,無,無,108
西堡３９之６號三樓,345.0,19.7,17.5,81.28%,公寓(5樓含以下無電梯),三層/三層,土:1 建:1車:0,2房2廳1衛,無,無,108
西堡３９之６號二樓,345.0,19.7,17.5,81.28%,公寓(5樓含以下無電梯),二層/三層,土:1 建:1車:0,2房2廳1衛,無,無,108
西堡３９之５號,400.0,21.7,18.44,82.28%,公寓(5樓含以下無電梯),一層/三層,土:1 建:1車:0,2房2廳1衛,無,無,108
下堡２２８號二樓,500.0,17.2,29.05,81.46%,公寓(5樓含以下無電梯),二層/三層,土:1 建:1車:0,3房2廳2衛,無,無,108
前厝４６之９號,570.0,12.0,47.49,66.30%,公寓(5樓含以下無電梯),一層/三層,土:1 建:1車:1,3房2廳2衛,無,無,108
前厝４６之１０號二樓,690.0,13.0,53.19,63.31%,公寓(5樓含以下無電梯),二層/三層,土:1 建:1車:1,3房2廳2衛,無,無,108
安岐３５２號,538.0,20.3,26.5,72.84%,華廈(10層含以下有電梯),一層/五層,土:1 建:1車:0,3房2廳2衛,無,無,108
安岐３５１號四樓,510.0,17.8,28.7,72.96%,華廈(10層含以下有電梯),四層/五層,土:1 建:1車:0,3房2廳2衛,無,無,108
下堡１９９號,223.0,20.1,11.11,80.48%,公寓(5樓含以下無電梯),一層/三層,土:1 建:1車:0,1房1廳1衛,無,無,108
下堡１９８號,222.0,20.3,10.91,80.21%,公寓(5樓含以下無電梯),一層/三層,土:1 建:1車:0,1房1廳1衛,無,無,108
下堡１９６號,218.0,20.0,10.91,80.21%,公寓(5樓含以下無電梯),一層/三層,土:1 建:1車:0,1房1廳1衛,無,無,108
安岐３５１號,600.0,20.9,28.7,72.96%,華廈(10層含以下有電梯),一層/五層,土:1 建:1車:0,3房2廳2衛,無,無,108
湖下２３１之１號二樓,380.0,15.5,24.55,83.64%,公寓(5樓含以下無電梯),二層/三層,土:1 建:1車:0,3房1廳2衛,無,無,108
下堡１９９號二樓,220.0,19.8,11.11,80.50%,公寓(5樓含以下無電梯),二層/三層,土:1 建:1車:0,1房1廳1衛,無,無,108
湖下２３１之２號,400.0,17.0,23.53,78.38%,公寓(5樓含以下無電梯),一層/三層,土:1 建:1車:0,3房1廳2衛,無,無,108
湖下２３１之２號二樓,380.0,16.1,23.53,78.38%,公寓(5樓含以下無電梯),二層/三層,土:1 建:1車:0,3房1廳2衛,無,無,108
安岐２２９號二樓,550.0,19.3,28.56,83.98%,公寓(5樓含以下無電梯),二層/三層,土:2 建:1車:0,3房2廳2衛,無,無,108
東州７６之１號３樓,850.0,20.1,42.22,58.09%,公寓(5樓含以下無電梯),三層/三層,土:1 建:1車:0,3房2廳2衛,無,無,108
下堡１９７號,218.0,20.0,10.91,80.21%,公寓(5樓含以下無電梯),一層/三層,土:1 建:1車:0,1房1廳1衛,無,無,108
環島西路二段９０１巷１弄３８號二樓,580.0,16.7,34.74,75.59%,公寓(5樓含以下無電梯),二層/三層,土:1 建:1車:0,3房2廳2衛,無,無,108
環島西路二段９０１巷１弄３８號三樓,580.0,16.7,34.74,75.59%,公寓(5樓含以下無電梯),三層/三層,土:1 建:1車:0,3房2廳2衛,無,無,108
上后垵１１之３號二樓,350.0,18.1,19.31,80.59%,公寓(5樓含以下無電梯),二層/三層,土:1 建:1車:0,2房1廳2衛,無,無,108
下埔下１１９號四樓,580.0,21.4,27.05,79.28%,華廈(10層含以下有電梯),四層/五層,土:2 建:1車:0,3房2廳2衛,無,無,108
下埔下１２０號,620.0,25.0,24.77,86.10%,華廈(10層含以下有電梯),一層/五層,土:2 建:1車:0,3房2廳2衛,無,無,108
下埔下１２０號二樓,550.0,20.4,26.93,79.19%,華廈(10層含以下有電梯),二層/五層,土:2 建:1車:0,3房2廳2衛,無,無,108
下埔下１２０號三樓,550.0,20.4,26.93,79.19%,華廈(10層含以下有電梯),三層/五層,土:2 建:1車:0,3房2廳2衛,無,無,108
下埔下１２０號四樓,550.0,20.3,27.05,79.28%,華廈(10層含以下有電梯),四層/五層,土:2 建:1車:0,3房2廳2衛,無,無,108
下埔下１２０號五樓,620.0,22.9,27.05,79.28%,華廈(10層含以下有電梯),五層/五層,土:2 建:1車:0,3房2廳2衛,無,無,108
湖南１３之１８號三樓,705.0,20.1,35.05,81.22%,公寓(5樓含以下無電梯),"三層,見其他登記事項/三層",土:1 建:1車:0,3房2廳2衛,無,無,107
上后垵１１３號３樓,380.0,19.7,19.31,80.59%,公寓(5樓含以下無電梯),三層/三層,土:1 建:1車:0,2房1廳2衛,無,無,107
上后垵１１２號,400.0,21.3,18.76,90.54%,公寓(5樓含以下無電梯),一層/三層,土:1 建:1車:0,2房1廳2衛,無,無,107
湖下４３之６號三樓,600.0,20.6,29.09,86.19%,公寓(5樓含以下無電梯),三層/三層,土:1 建:1車:0,3房2廳2衛,無,無,107
安岐３５２號二樓,498.0,18.8,26.5,72.84%,華廈(10層含以下有電梯),二層/五層,土:1 建:1車:0,3房2廳2衛,無,無,107
安岐３５２號三樓,485.0,18.3,26.5,72.84%,華廈(10層含以下有電梯),三層/五層,土:1 建:1車:0,3房2廳2衛,無,無,107
湖南１３之１７號,545.0,20.5,26.62,81.41%,公寓(5樓含以下無電梯),一層/三層,土:1 建:1車:0,2房2廳2衛,無,無,107
前厝４７號,490.0,22.7,21.59,84.12%,公寓(5樓含以下無電梯),一層/三層,土:1 建:1車:0,3房1廳2衛,無,無,107
湖南１３之１６號,545.0,20.5,26.62,81.41%,公寓(5樓含以下無電梯),一層/三層,土:1 建:1車:0,2房2廳2衛,無,無,107
埔邊３９號三樓,870.0,23.3,37.41,79.89%,公寓(5樓含以下無電梯),三層/三層,土:1 建:1車:0,3房1廳2衛,無,無,107
湖南１３之１６號二樓,510.0,19.2,26.62,81.41%,公寓(5樓含以下無電梯),二層/三層,土:1 建:1車:0,2房2廳2衛,無,無,107
湖南１３之１５號,548.0,20.6,26.62,81.41%,公寓(5樓含以下無電梯),一層/三層,土:1 建:1車:0,2房2廳2衛,無,無,107
湖南１３之１８號二樓,506.0,19.0,26.62,81.41%,公寓(5樓含以下無電梯),二層/三層,土:1 建:1車:0,2房2廳2衛,無,無,107
湖南１３之１６號三樓,705.0,20.1,35.05,81.22%,公寓(5樓含以下無電梯),"三層,見其他登記事項/三層",土:1 建:1車:0,3房2廳2衛,無,無,107
湖南１３之１５號三樓,705.0,20.1,35.05,81.22%,公寓(5樓含以下無電梯),"三層,見其他登記事項/三層",土:1 建:1車:0,3房2廳2衛,無,無,107
湖南１３之１５號二樓,510.0,19.2,26.62,81.41%,公寓(5樓含以下無電梯),二層/三層,土:1 建:1車:0,2房2廳2衛,無,無,107
湖南１３之１７號二樓,510.0,19.2,26.62,81.41%,公寓(5樓含以下無電梯),二層/三層,土:1 建:1車:0,2房2廳2衛,無,無,107
下堡２０２號二樓,705.0,19.5,36.1,80.01%,公寓(5樓含以下無電梯),二層/三層,土:1 建:1車:0,3房2廳2衛,無,無,107
湖下２３６之１號,420.0,15.9,26.38,82.30%,公寓(5樓含以下無電梯),一層/三層,土:1 建:1車:0,3房1廳2衛,無,無,107
盤山村頂堡６６之７號,560.0,19.0,29.42,86.95%,公寓(5樓含以下無電梯),一層/三層,土:1 建:1車:0,3房2廳2衛,無,無,107
西浦頭７９之１２號三樓,390.0,16.2,24.06,81.58%,公寓(5樓含以下無電梯),三層/三層,土:1 建:1車:0,3房1廳2衛,無,無,107
下堡１９１號,228.0,20.9,10.92,80.19%,公寓(5樓含以下無電梯),一層/三層,土:1 建:1車:0,1房1廳1衛,無,無,107
埔邊３７號二樓,790.0,22.8,34.6,87.46%,公寓(5樓含以下無電梯),二層/三層,土:1 建:1車:0,3房2廳2衛,無,無,107
下埔下３２８號,720.0,22.7,31.76,88.13%,公寓(5樓含以下無電梯),一層/三層,土:1 建:1車:0,3房2廳3衛,無,無,107
湖下２１２之８號三樓,350.0,17.5,19.97,83.70%,公寓(5樓含以下無電梯),三層/三層,土:2 建:1車:0,2房2廳1衛,無,無,107
下堡２２７號二樓,556.0,18.4,30.15,78.49%,公寓(5樓含以下無電梯),二層/三層,土:1 建:1車:0,3房2廳2衛,無,無,107
下堡１４９之１６號,700.0,15.3,45.7,79.08%,華廈(10層含以下有電梯),一層/三層,土:1 建:1車:1,4房2廳2衛,無,無,107
下堡１４９之１６號二樓,760.0,15.3,49.56,72.95%,華廈(10層含以下有電梯),二層/三層,土:1 建:1車:1,4房2廳2衛,無,無,107
下堡１４９之１６號三樓,720.0,14.6,49.22,72.95%,華廈(10層含以下有電梯),三層/三層,土:1 建:1車:1,4房2廳2衛,無,無,107
下堡１４９之１７號三樓,700.0,14.6,48.07,72.98%,華廈(10層含以下有電梯),三層/三層,土:1 建:1車:1,4房2廳2衛,無,無,107
下堡１４９之１７號,720.0,15.2,47.3,78.95%,華廈(10層含以下有電梯),一層/三層,土:1 建:1車:1,4房2廳2衛,無,無,107
下堡１４９之１７號二樓,775.0,16.0,48.41,72.98%,華廈(10層含以下有電梯),二層/三層,土:1 建:1車:1,4房2廳3衛,無,無,107
榜林６之１１號,600.0,22.8,26.31,84.10%,公寓(5樓含以下無電梯),一層/三層,土:1 建:1車:0,3房1廳2衛,無,無,107
榜林６之１１號三樓,590.0,22.4,26.31,84.10%,公寓(5樓含以下無電梯),三層/三層,土:1 建:1車:0,3房1廳2衛,無,無,107
榜林６之１２號,580.0,23.4,24.82,84.13%,公寓(5樓含以下無電梯),一層/三層,土:1 建:1車:0,2房1廳2衛,無,無,107
榜林６之１１號二樓,580.0,22.0,26.31,84.10%,公寓(5樓含以下無電梯),二層/三層,土:1 建:1車:0,3房1廳2衛,無,無,107
下堡１９５號三樓,725.0,19.8,36.68,91.33%,公寓(5樓含以下無電梯),三層/三層,土:1 建:1車:0,3房2廳2衛,無,無,107
下堡１００之１１號,480.0,16.1,29.84,69.21%,公寓(5樓含以下無電梯),一層/三層,土:1 建:1車:0,3房0廳3衛,無,無,107
東州７６之２號三樓,700.0,16.0,43.71,57.91%,華廈(10層含以下有電梯),三層/三層,土:1 建:1車:1,3房2廳2衛,無,無,107
安岐４８之１０號,450.0,18.6,24.19,89.26%,公寓(5樓含以下無電梯),一層/三層,土:1 建:1車:0,2房2廳2衛,無,無,107
東州７６２號２樓,730.0,16.6,43.94,57.61%,華廈(10層含以下有電梯),二層/三層,土:1 建:1車:1,3房2廳2衛,無,無,107
湖下２３６之１號三樓,480.0,17.2,27.95,77.68%,公寓(5樓含以下無電梯),三層/三層,土:1 建:1車:0,3房2廳2衛,無,無,107
下堡２２７號,690.0,17.7,38.88,91.28%,公寓(5樓含以下無電梯),"一層,地下一層/三層",土:1 建:1車:0,3房2廳2衛,無,無,107
下堡１００之１２號,180.0,14.0,12.81,57.63%,公寓(5樓含以下無電梯),一層/三層,土:1 建:1車:1,4房1廳4衛,無,無,107
安岐２９０號二樓之１,607.0,20.0,30.37,80.66%,華廈(10層含以下有電梯),二層/五層,土:1 建:1車:0,3房2廳2衛,無,無,107
安岐２９１號四樓,630.0,20.3,31.0,78.47%,華廈(10層含以下有電梯),四層/五層,土:1 建:1車:0,3房2廳2衛,無,無,107
安岐４８之１２號三樓,470.0,16.1,29.14,85.74%,公寓(5樓含以下無電梯),三層/三層,土:1 建:1車:0,3房2廳2衛,無,無,107
前厝４７號,470.0,21.8,21.59,84.12%,公寓(5樓含以下無電梯),一層/三層,土:1 建:1車:0,2房2廳2衛,無,無,107
頂堡９７之５號二樓,600.0,16.8,35.63,74.25%,公寓(5樓含以下無電梯),二層/三層,土:2 建:1車:0,3房2廳2衛,無,無,107
安岐４８之１１號,470.0,16.5,28.43,89.96%,公寓(5樓含以下無電梯),一層/三層,土:1 建:1車:0,3房2廳2衛,無,無,107
安岐２９０號二樓,410.0,18.3,22.46,80.47%,華廈(10層含以下有電梯),二層/五層,土:1 建:1車:0,2房1廳2衛,無,無,107
安岐２９０號四樓,440.0,19.6,22.46,80.47%,華廈(10層含以下有電梯),四層/五層,土:1 建:1車:0,2房1廳2衛,無,無,107
安岐２９０號五樓,400.0,17.8,22.46,80.47%,華廈(10層含以下有電梯),五層/五層,土:1 建:1車:0,2房1廳2衛,無,無,107
安岐２９１號五樓,650.0,21.0,31.0,78.47%,華廈(10層含以下有電梯),五層/五層,土:1 建:1車:0,3房2廳2衛,無,無,107
頂埔下２９號二樓之１１,240.0,22.5,10.68,64.46%,華廈(10層含以下有電梯),二層/三層,土:1 建:1車:0,,無,無,107
安岐４８之１１號二樓,465.0,16.4,28.42,85.40%,公寓(5樓含以下無電梯),二層/三層,土:1 建:1車:0,3房2廳2衛,無,無,107
安岐２９１號三樓,620.0,20.0,31.0,78.47%,華廈(10層含以下有電梯),三層/五層,土:1 建:1車:0,3房2廳2衛,無,無,107
前厝４６之８號,780.0,18.6,41.99,66.02%,公寓(5樓含以下無電梯),一層/三層,土:1 建:1車:1,2房2廳2衛,無,無,107
安岐２９１號,650.0,22.2,29.3,82.96%,華廈(10層含以下有電梯),一層/五層,土:1 建:1車:0,3房2廳2衛,無,無,107
安岐２９１號二樓,580.0,18.7,31.0,78.47%,華廈(10層含以下有電梯),二層/五層,土:1 建:1車:0,3房2廳2衛,無,無,107
安岐２９０號五樓之１,651.0,21.4,30.37,80.66%,華廈(10層含以下有電梯),五層/五層,土:1 建:1車:0,3房2廳2衛,無,無,107
安岐２９０號三樓,400.0,17.8,22.46,80.47%,華廈(10層含以下有電梯),三層/五層,土:1 建:1車:0,2房1廳2衛,無,無,107
安岐２９０號三樓之１,607.2,20.0,30.37,80.66%,華廈(10層含以下有電梯),三層/五層,土:1 建:1車:0,3房2廳2衛,無,無,107
湖下１４２之６號,400.0,14.2,28.13,75.95%,公寓(5樓含以下無電梯),一層/三層,土:1 建:1車:0,2房2廳2衛,無,無,107
湖下２１３之６號三樓,535.0,12.1,44.33,59.45%,公寓(5樓含以下無電梯),三層/三層,土:2 建:1車:1,3房2廳2衛,無,無,107
湖下２１３之７號三樓,525.0,12.9,40.61,59.44%,公寓(5樓含以下無電梯),三層/三層,土:2 建:1車:0,3房2廳2衛,無,無,107
湖下２１３之３號三樓,520.0,11.7,44.17,59.29%,公寓(5樓含以下無電梯),三層/三層,土:2 建:1車:1,3房2廳2衛,無,無,107
湖下２１３之５號,545.0,13.3,41.29,63.82%,公寓(5樓含以下無電梯),一層/三層,土:2 建:1車:1,3房2廳2衛,無,無,107
湖下２１３之７號二樓,530.0,13.1,40.57,59.51%,公寓(5樓含以下無電梯),二層/三層,土:2 建:1車:0,3房1廳2衛,無,無,107
仁愛新?６６之２號三樓,420.0,21.3,19.71,88.58%,公寓(5樓含以下無電梯),三層/三層,土:1 建:1車:0,2房1廳1衛,無,無,107
湖下２１３之８號二樓,530.0,13.1,40.41,59.34%,公寓(5樓含以下無電梯),二層/三層,土:2 建:1車:0,3房1廳2衛,無,無,107
安岐２７０之１號三樓,439.0,16.9,25.96,81.19%,公寓(5樓含以下無電梯),三層/三層,土:1 建:1車:0,3房2廳2衛,無,無,107
頂堡３００號二樓,610.0,17.0,35.95,71.11%,公寓(5樓含以下無電梯),二層/三層,土:1 建:1車:0,3房2廳2衛,無,無,107
西浦頭７９之１２號二樓,440.0,19.0,23.21,84.56%,公寓(5樓含以下無電梯),二層/三層,土:1 建:1車:0,3房1廳2衛,無,無,107
頂堡９７之３號二樓,600.0,16.2,37.01,75.25%,公寓(5樓含以下無電梯),二層/三層,土:2 建:1車:0,3房2廳2衛,無,無,107
湖下２１３之６號二樓,515.0,11.6,44.29,59.51%,公寓(5樓含以下無電梯),二層/三層,土:2 建:1車:1,3房2廳2衛,無,無,107
仁愛新?６６之３號二樓,400.0,21.1,18.93,85.81%,公寓(5樓含以下無電梯),二層/三層,土:1 建:1車:0,2房2廳1衛,無,無,107
仁愛新?６６之２號,450.0,23.9,18.8,88.56%,公寓(5樓含以下無電梯),一層/三層,土:1 建:1車:0,1房1廳1衛,無,無,107
仁愛新?６６之２號二樓,420.0,21.3,19.71,88.58%,公寓(5樓含以下無電梯),二層/三層,土:1 建:1車:0,2房1廳1衛,無,無,107
湖下２１３之９號,795.0,12.8,63.61,63.82%,公寓(5樓含以下無電梯),一層/三層,土:2 建:1車:1,3房2廳2衛,無,無,106
埔後１８之１號,690.0,23.6,29.3,79.51%,公寓(5樓含以下無電梯),一層/三層,土:1 建:1車:0,3房2廳2衛,無,無,106
埔後１８之１號二樓,663.0,22.6,29.3,79.51%,公寓(5樓含以下無電梯),二層/三層,土:1 建:1車:0,3房2廳2衛,無,無,106
埔後１８之１號三樓,678.0,23.1,29.3,79.51%,公寓(5樓含以下無電梯),三層/三層,土:1 建:1車:0,3房2廳2衛,無,無,106
湖南３２之１５號二樓,494.0,17.7,27.93,88.78%,公寓(5樓含以下無電梯),二層/三層,土:1 建:1車:0,3房2廳2衛,無,無,106
湖南３２之１６號二樓,494.0,17.7,27.93,88.78%,公寓(5樓含以下無電梯),二層/三層,土:1 建:1車:0,3房2廳2衛,無,無,106
湖南３２之１６號三樓,494.0,17.7,27.93,88.78%,公寓(5樓含以下無電梯),三層/三層,土:1 建:1車:0,3房2廳2衛,無,無,106
湖南３２之１７號二樓,366.0,17.4,20.99,84.53%,公寓(5樓含以下無電梯),二層/三層,土:1 建:1車:0,2房1廳2衛,無,無,106
仁愛新?６６之３號三樓,400.0,21.1,18.93,85.81%,公寓(5樓含以下無電梯),三層/三層,土:1 建:1車:0,2房2廳1衛,無,無,106
安岐２３０號,550.0,19.9,27.7,87.89%,公寓(5樓含以下無電梯),一層/三層,土:2 建:1車:0,3房2廳2衛,無,無,106
西浦頭２０之１０號,600.0,23.8,25.18,96.31%,公寓(5樓含以下無電梯),一層/三層,土:1 建:1車:0,3房2廳2衛,無,無,106
西浦頭２０之７號二樓,560.0,20.1,27.9,85.05%,公寓(5樓含以下無電梯),二層/三層,土:1 建:1車:0,3房2廳2衛,無,無,106
前厝４６之１０號二樓,700.0,13.2,53.19,63.31%,公寓(5樓含以下無電梯),二層/三層,土:1 建:1車:1,2房2廳2衛,無,無,106
前厝４６之９號,700.0,14.7,47.49,66.30%,公寓(5樓含以下無電梯),一層/三層,土:1 建:1車:1,2房2廳2衛,無,無,106
前厝４６之１１號三樓,700.0,13.4,52.43,62.11%,公寓(5樓含以下無電梯),三層/三層,土:1 建:1車:1,2房2廳2衛,無,無,106
盤果路２７號三樓,630.0,19.3,32.72,82.69%,公寓(5樓含以下無電梯),三層/三層,土:1 建:1車:0,3房2廳2衛,無,無,106
前厝４６之１０號,850.0,16.0,53.07,66.23%,公寓(5樓含以下無電梯),一層/三層,土:1 建:1車:1,2房2廳2衛,無,無,106
西浦頭２０之８號二樓,556.0,19.9,27.9,85.05%,公寓(5樓含以下無電梯),二層/三層,土:1 建:1車:0,3房2廳2衛,無,無,106
西浦頭２０之７號,600.0,23.0,26.11,92.88%,公寓(5樓含以下無電梯),一層/三層,土:1 建:1車:0,3房2廳2衛,無,無,106
安岐２３１號二樓,570.0,19.3,29.51,82.75%,公寓(5樓含以下無電梯),二層/三層,土:2 建:1車:0,3房2廳2衛,無,無,106
安岐２２９號,560.0,19.6,28.56,83.98%,公寓(5樓含以下無電梯),一層/三層,土:1 建:1車:0,3房2廳2衛,無,無,106
安岐２２９號三樓,580.0,20.3,28.56,83.98%,公寓(5樓含以下無電梯),三層/三層,土:2 建:1車:0,3房2廳2衛,無,無,106
安岐２３０號三樓,560.0,20.2,27.7,87.89%,公寓(5樓含以下無電梯),三層/三層,土:2 建:1車:0,3房2廳2衛,無,無,106
安岐２３１號三樓,600.0,20.3,29.51,,公寓(5樓含以下無電梯),三層/三層,土:2 建:1車:0,3房2廳2衛,無,無,106
湖下２３１之２號三樓,467.6,19.9,23.53,78.38%,公寓(5樓含以下無電梯),三層/三層,土:1 建:1車:0,3房2廳2衛,無,無,106
前厝４６之９號三樓,688.0,13.8,49.96,64.42%,公寓(5樓含以下無電梯),三層/三層,土:1 建:1車:1,2房2廳2衛,無,無,106
下堡１５０之１號三樓,770.0,23.1,33.33,83.94%,公寓(5樓含以下無電梯),三層/三層,土:1 建:1車:0,3房2廳2衛,無,無,106
湖南２８之５號三樓,450.0,17.4,25.81,88.23%,公寓(5樓含以下無電梯),三層/三層,土:1 建:1車:0,3房2廳2衛,無,無,106
榜林１００之５號一樓,560.0,17.5,31.99,90.40%,公寓(5樓含以下無電梯),一層/三層,土:1 建:1車:0,3房2廳2衛,無,無,106
前厝４６之８號二樓,670.0,12.8,52.15,63.27%,公寓(5樓含以下無電梯),二層/三層,土:1 建:1車:1,2房2廳2衛,無,無,106
安岐２２９號二樓,500.0,17.5,28.56,83.98%,公寓(5樓含以下無電梯),二層/三層,土:2 建:1車:0,3房2廳2衛,無,無,106
前厝４６之１０號三樓,700.0,13.2,53.19,63.31%,公寓(5樓含以下無電梯),三層/三層,土:1 建:1車:1,2房2廳2衛,無,無,106
湖南２８之３號三樓,480.0,19.5,24.58,85.85%,公寓(5樓含以下無電梯),三層/三層,土:1 建:1車:0,3房2廳2衛,無,無,106
湖南２８之３號,510.0,22.9,22.31,94.59%,公寓(5樓含以下無電梯),一層/三層,土:1 建:1車:0,3房2廳2衛,無,無,106
湖下２１３之１０號２樓,525.0,11.8,44.29,59.50%,公寓(5樓含以下無電梯),二層/三層,土:2 建:1車:1,3房2廳2衛,無,無,106
前厝４６之９號二樓,718.0,14.4,49.96,64.42%,公寓(5樓含以下無電梯),二層/三層,土:1 建:1車:1,2房2廳2衛,無,無,106
前厝４６之１１號二樓,670.0,12.8,52.43,62.11%,公寓(5樓含以下無電梯),二層/三層,土:1 建:1車:1,2房2廳2衛,無,無,106
前厝４６之１１號,670.0,13.6,49.37,66.30%,公寓(5樓含以下無電梯),一層/三層,土:1 建:1車:1,2房2廳2衛,無,無,106
湖南３２之１６號,603.0,23.6,25.52,91.59%,公寓(5樓含以下無電梯),一層/三層,土:1 建:1車:0,3房2廳2衛,無,無,106
湖南３２之１８號三樓,485.0,20.5,23.63,86.42%,公寓(5樓含以下無電梯),三層/三層,土:1 建:1車:0,3房1廳2衛,無,無,106
湖南３２之１５號三樓,568.0,20.3,27.93,88.78%,公寓(5樓含以下無電梯),三層/三層,土:1 建:1車:0,3房2廳2衛,無,無,106
前厝４６之８號三樓,780.0,15.0,52.15,63.27%,公寓(5樓含以下無電梯),三層/三層,土:1 建:1車:1,2房2廳2衛,無,無,106
安岐２３１號,570.0,19.3,29.51,82.75%,公寓(5樓含以下無電梯),一層/三層,土:2 建:1車:0,3房2廳2衛,無,無,106
湖南３２之１８號二樓,470.0,19.9,23.63,86.42%,公寓(5樓含以下無電梯),二層/三層,土:1 建:1車:0,3房1廳2衛,無,無,106
湖南３２之１５號,620.0,23.0,26.94,92.04%,公寓(5樓含以下無電梯),一層/三層,土:1 建:1車:0,3房2廳2衛,無,無,106
湖南３２之１８號,500.0,22.3,22.47,90.90%,公寓(5樓含以下無電梯),一層/三層,土:1 建:1車:0,3房1廳2衛,無,無,106
湖南３２之１７號三樓,425.0,20.3,20.99,84.53%,公寓(5樓含以下無電梯),三層/三層,土:1 建:1車:0,2房1廳2衛,無,無,106
湖南３２之１７號,430.0,21.7,19.79,89.67%,公寓(5樓含以下無電梯),一層/三層,土:1 建:1車:0,2房1廳2衛,無,無,106
安岐２０７號二樓,480.0,17.9,26.79,85.04%,公寓(5樓含以下無電梯),二層/三層,土:1 建:1車:0,3房2廳2衛,無,無,106
頂堡９７之２號三樓,620.0,17.4,35.63,74.25%,公寓(5樓含以下無電梯),三層/三層,土:2 建:1車:0,3房2廳2衛,無,無,106
頂堡９７之５號,720.0,14.4,49.93,73.95%,公寓(5樓含以下無電梯),一層/三層,土:2 建:1車:4,3房2廳2衛,無,無,106
頂堡９７之６號二樓,650.0,17.6,37.01,75.25%,公寓(5樓含以下無電梯),二層/三層,土:2 建:1車:0,3房2廳2衛,無,無,106
頂堡９７之２號二樓,535.0,15.0,35.63,74.25%,公寓(5樓含以下無電梯),二層/三層,土:2 建:1車:0,3房2廳2衛,無,無,106
頂堡９７之２號,620.0,16.6,37.46,73.95%,公寓(5樓含以下無電梯),一層/三層,土:2 建:1車:1,3房2廳2衛,無,無,106
安岐１３１號三樓,580.0,13.2,44.1,60.88%,公寓(5樓含以下無電梯),三層/三層,土:1 建:1車:1,3房2廳1衛,無,無,106
安岐２２２號,472.0,18.3,25.86,90.30%,公寓(5樓含以下無電梯),一層/三層,土:2 建:1車:0,3房1廳2衛,無,無,106
安岐２２２號二樓,454.0,16.3,27.83,83.91%,公寓(5樓含以下無電梯),二層/三層,土:2 建:1車:0,3房1廳2衛,無,無,106
安岐２２２號三樓,467.0,16.8,27.83,83.91%,公寓(5樓含以下無電梯),三層/三層,土:2 建:1車:0,3房1廳2衛,無,無,106
安岐２２１號,530.0,19.0,27.95,89.78%,公寓(5樓含以下無電梯),一層/三層,土:2 建:1車:0,3房1廳2衛,無,無,106
安岐２２１號二樓,502.0,16.4,30.56,82.12%,公寓(5樓含以下無電梯),二層/三層,土:2 建:1車:0,3房1廳2衛,無,無,106
安岐２２１號三樓,502.0,16.4,30.56,82.12%,公寓(5樓含以下無電梯),三層/三層,土:2 建:1車:0,3房1廳2衛,無,無,106
頂埔下２９號三樓之６,200.0,19.0,10.52,64.60%,華廈(10層含以下有電梯),三層/三層,土:1 建:1車:0,1房1廳1衛,無,無,106
東坑５０號,550.0,20.4,26.91,87.18%,公寓(5樓含以下無電梯),一層/三層,土:1 建:1車:0,4房1廳2衛,無,無,106
下堡１９０號二樓,720.0,18.8,38.28,88.60%,公寓(5樓含以下無電梯),二層/三層,土:1 建:1車:0,3房2廳2衛,無,無,106
湖下２３１之１號,510.0,20.8,24.55,83.64%,公寓(5樓含以下無電梯),一層/三層,土:1 建:1車:0,3房2廳2衛,無,無,106
湖下２３６之１號三樓,530.0,19.0,27.95,77.68%,公寓(5樓含以下無電梯),三層/三層,土:1 建:1車:0,3房2廳2衛,無,無,106
安岐３５５號二樓,490.0,18.4,26.62,76.70%,公寓(5樓含以下無電梯),二層/三層,土:1 建:1車:0,3房1廳2衛,無,無,106
東坑５１號,560.0,21.0,26.63,86.65%,公寓(5樓含以下無電梯),一層/三層,土:1 建:1車:0,3房2廳2衛,無,無,106
東坑５１號三樓,520.0,18.2,28.63,83.17%,公寓(5樓含以下無電梯),三層/三層,土:1 建:1車:0,3房2廳2衛,無,無,106
東坑５１號二樓,500.0,17.5,28.63,83.17%,公寓(5樓含以下無電梯),二層/三層,土:1 建:1車:0,3房2廳2衛,無,無,106
東坑５０號二樓,512.0,18.3,27.98,83.84%,公寓(5樓含以下無電梯),二層/三層,土:1 建:1車:0,3房2廳2衛,無,無,106
東坑５０號三樓,500.0,17.9,27.98,83.84%,公寓(5樓含以下無電梯),三層/三層,土:1 建:1車:0,3房2廳2衛,無,無,106
湖下２３１之１號三樓,466.0,19.0,24.55,83.64%,公寓(5樓含以下無電梯),三層/三層,土:1 建:1車:0,3房2廳2衛,無,無,106
湖南３１之２號二樓,555.0,20.0,27.8,84.29%,公寓(5樓含以下無電梯),二層/三層,土:1 建:1車:0,3房2廳2衛,無,無,106
東州７６之３號二樓,750.0,17.3,43.37,57.93%,公寓(5樓含以下無電梯),二層/三層,土:1 建:1車:0,3房2廳2衛,無,無,106
安岐６１之３號,690.0,19.7,34.95,85.95%,公寓(5樓含以下無電梯),一層/三層,土:1 建:1車:0,3房2廳2衛,無,無,106
東坑１１之２號二樓,543.0,22.0,24.72,81.27%,公寓(5樓含以下無電梯),二層/三層,土:1 建:1車:0,3房2廳2衛,無,無,106
東坑１１之３號二樓,550.0,22.0,24.97,81.45%,公寓(5樓含以下無電梯),二層/三層,土:1 建:1車:0,3房2廳2衛,無,無,106
湖下２３６之１號二樓,540.0,19.3,27.95,77.68%,公寓(5樓含以下無電梯),二層/三層,土:1 建:1車:0,3房2廳2衛,無,無,106
安岐３５５號三樓,495.0,18.6,26.62,76.70%,公寓(5樓含以下無電梯),三層/三層,土:1 建:1車:0,3房1廳2衛,無,無,106
湖下２１３之３號２樓,545.0,12.4,44.13,59.34%,公寓(5樓含以下無電梯),二層/三層,土:2 建:1車:1,3房2廳2衛,無,無,106
頂埔下２９號２樓之９,230.0,21.9,10.52,64.60%,華廈(10層含以下有電梯),二層/三層,土:1 建:1車:0,1房1廳1衛,無,無,106
安岐２２９號,545.0,19.1,28.56,83.98%,公寓(5樓含以下無電梯),一層/三層,土:2 建:1車:0,3房2廳2衛,無,無,106
盤果路２７號三樓,570.0,17.4,32.72,82.69%,公寓(5樓含以下無電梯),三層/三層,土:1 建:1車:0,3房2廳2衛,無,無,106
安岐４８之１２號,500.0,17.8,28.01,89.19%,公寓(5樓含以下無電梯),一層/三層,土:1 建:1車:0,3房2廳2衛,無,無,106
安岐２７０號二樓之１,450.0,17.1,26.37,79.94%,公寓(5樓含以下無電梯),二層/三層,土:1 建:1車:0,3房2廳2衛,無,無,106
盤果路２７號,639.0,22.2,28.73,94.16%,公寓(5樓含以下無電梯),一層/三層,土:1 建:1車:0,3房2廳2衛,無,無,106
盤果路２７號二樓,588.0,18.0,32.63,82.92%,公寓(5樓含以下無電梯),二層/三層,土:1 建:1車:0,3房1廳2衛,無,無,106
盤果路２９號,650.0,27.4,23.76,94.12%,公寓(5樓含以下無電梯),一層/三層,土:1 建:1車:0,,無,無,106
盤果路２９號二樓,550.0,21.3,25.85,86.33%,公寓(5樓含以下無電梯),二層/三層,土:0 建:1車:0,2房1廳1衛,無,無,106
盤果路２９號三樓,550.0,21.3,25.85,86.33%,公寓(5樓含以下無電梯),三層/三層,土:1 建:1車:0,2房2廳1衛,無,無,106
湖南２８之６號三樓,325.0,18.1,17.93,81.94%,公寓(5樓含以下無電梯),三層/三層,土:1 建:1車:0,2房2廳1衛,無,無,106
下堡１６８號,1000.0,25.3,39.6,75.98%,公寓(5樓含以下無電梯),一層/三層,土:1 建:1車:0,3房2廳2衛,無,無,105
安岐６１之３號３樓之１,398.0,21.9,18.21,82.76%,公寓(5樓含以下無電梯),三層/三層,土:1 建:1車:0,2房2廳2衛,無,無,105
安岐６１之３號２樓,320.0,17.6,18.2,82.25%,公寓(5樓含以下無電梯),二層/三層,土:0 建:1車:0,2房2廳2衛,無,無,105
安岐６１之３號２樓之１,310.0,17.0,18.21,82.76%,公寓(5樓含以下無電梯),二層/三層,土:0 建:1車:0,2房2廳2衛,無,無,105
湖南２８之２號,530.0,23.3,22.72,92.82%,公寓(5樓含以下無電梯),一層/三層,土:1 建:1車:0,3房2廳2衛,無,無,105
湖南２８之６號二樓,298.0,16.6,17.93,81.94%,公寓(5樓含以下無電梯),二層/三層,土:1 建:1車:0,2房2廳1衛,無,無,105
湖南２８之５號二樓,465.0,18.0,25.81,88.23%,公寓(5樓含以下無電梯),二層/三層,土:1 建:1車:0,3房2廳2衛,無,無,105
安岐３５５號,520.0,19.6,26.59,76.77%,公寓(5樓含以下無電梯),一層/三層,土:1 建:1車:0,3房1廳2衛,無,無,105
湖下２１３之９號２樓,530.0,12.0,44.13,59.34%,公寓(5樓含以下無電梯),二層/三層,土:2 建:1車:1,3房2廳2衛,無,無,105
湖下２１３之９號３樓,530.0,12.0,44.17,59.28%,公寓(5樓含以下無電梯),三層/三層,土:2 建:1車:1,3房2廳2衛,無,無,105
前厝４９之１號二樓,660.0,22.1,29.84,89.54%,公寓(5樓含以下無電梯),二層/三層,土:1 建:1車:0,4房2廳2衛,無,無,105
前厝４９號二樓,500.0,21.4,23.34,89.45%,公寓(5樓含以下無電梯),二層/三層,土:1 建:1車:0,2房1廳2衛,無,無,105
湖南２８之１號,540.0,23.5,23.0,92.69%,公寓(5樓含以下無電梯),一層/三層,土:1 建:1車:0,3房2廳2衛,無,無,105
湖南２８之３號二樓,468.0,19.0,24.58,85.85%,公寓(5樓含以下無電梯),二層/三層,土:1 建:1車:0,3房2廳2衛,無,無,105
湖南２８之２號二樓,460.0,18.4,25.04,84.23%,公寓(5樓含以下無電梯),二層/三層,土:1 建:1車:0,3房2廳2衛,無,無,105
湖南２８之１號二樓,498.0,19.7,25.34,84.14%,公寓(5樓含以下無電梯),二層/三層,土:1 建:1車:0,3房2廳2衛,無,無,105
湖南２８之６號,365.0,22.3,16.33,89.94%,公寓(5樓含以下無電梯),一層/三層,土:1 建:1車:0,1房2廳1衛,無,無,105
湖南２８之２號三樓,510.0,20.4,25.04,84.23%,公寓(5樓含以下無電梯),三層/三層,土:1 建:1車:0,3房2廳2衛,無,無,105
湖南２８之５號,520.0,20.5,25.31,89.97%,公寓(5樓含以下無電梯),一層/三層,土:1 建:1車:0,1房2廳2衛,無,無,105
湖南２８之１號三樓,518.0,20.4,25.34,84.14%,公寓(5樓含以下無電梯),三層/三層,土:1 建:1車:0,3房2廳2衛,無,無,105
安岐２０６號,538.0,20.1,26.79,85.04%,公寓(5樓含以下無電梯),一層/三層,土:1 建:1車:0,3房2廳2衛,無,無,105
頂埔下２９號二樓之１１,240.0,22.6,10.62,64.81%,華廈(10層含以下有電梯),二層/三層,土:1 建:1車:0,1房1廳1衛,無,無,105
頂堡２９８號,750.0,22.3,33.57,94.74%,公寓(5樓含以下無電梯),一層/三層,土:1 建:1車:0,3房2廳2衛,無,無,105
頂堡２９５號三樓,705.0,18.9,37.34,89.17%,公寓(5樓含以下無電梯),三層/三層,土:1 建:1車:0,3房2廳2衛,無,無,105
下堡１６６號,1000.0,25.3,39.6,75.98%,公寓(5樓含以下無電梯),一層/三層,土:1 建:1車:0,1房1廳1衛,無,無,105
下堡１６７號,1200.0,30.3,39.6,75.98%,公寓(5樓含以下無電梯),一層/三層,土:2 建:1車:0,2房2廳1衛,無,無,105
西堡３９之２號二樓,370.0,16.5,22.37,80.03%,公寓(5樓含以下無電梯),二層/三層,土:1 建:1車:0,2房2廳1衛,無,無,105
東州７６號,770.0,18.1,42.58,58.05%,華廈(10層含以下有電梯),一層/三層,土:1 建:1車:0,3房2廳2衛,無,無,105
下堡１００之２２號,167.0,23.9,6.98,80.40%,公寓(5樓含以下無電梯),一層/三層,土:1 建:1車:0,1房1廳1衛,無,無,105
頂堡３０２號,550.0,14.4,38.28,75.50%,公寓(5樓含以下無電梯),一層/三層,土:1 建:1車:1,3房2廳2衛,無,無,105
頂堡３００號,910.0,13.8,65.95,80.59%,公寓(5樓含以下無電梯),"一層,地下一層/三層",土:1 建:1車:1,7房2廳2衛,無,無,105
頂堡３０２號二樓,550.0,16.2,33.95,70.21%,公寓(5樓含以下無電梯),二層/三層,土:1 建:1車:0,4房0廳3衛,無,無,105
頂堡３０２號三樓,550.0,16.2,33.95,70.21%,公寓(5樓含以下無電梯),三層/三層,土:1 建:1車:0,4房0廳3衛,無,無,105
頂堡３０１號三樓,590.0,18.2,32.4,77.36%,公寓(5樓含以下無電梯),三層/三層,土:1 建:1車:0,3房2廳2衛,無,無,105
頂堡３０１號二樓,570.0,17.6,32.4,77.36%,公寓(5樓含以下無電梯),二層/三層,土:1 建:1車:0,3房2廳2衛,無,無,105
安岐２０７號,570.0,21.3,26.79,85.04%,公寓(5樓含以下無電梯),一層/三層,土:1 建:1車:1,3房2廳2衛,無,無,105
頂堡２９６號三樓,705.0,19.0,37.01,89.13%,公寓(5樓含以下無電梯),三層/三層,土:1 建:1車:0,3房2廳2衛,無,無,105
下堡１６８號二樓,520.0,13.3,39.11,76.93%,公寓(5樓含以下無電梯),二層/三層,土:1 建:1車:0,3房2廳2衛,無,無,105
下堡１６７號二樓,520.0,13.3,39.12,76.90%,公寓(5樓含以下無電梯),二層/三層,土:1 建:1車:0,3房2廳2衛,無,無,105
湖下１４２之５號,690.0,14.6,47.24,62.66%,公寓(5樓含以下無電梯),一層/三層,土:1 建:1車:1,3房2廳2衛,無,無,105
西堡３９之２號,380.0,19.1,19.93,89.82%,公寓(5樓含以下無電梯),一層/三層,土:1 建:1車:0,2房2廳1衛,無,無,105
東州７６之２號三樓,740.0,16.9,43.71,57.91%,華廈(10層含以下有電梯),三層/三層,土:1 建:1車:0,3房2廳2衛,無,無,105
安岐２７０號二樓,350.0,16.4,21.36,78.54%,公寓(5樓含以下無電梯),二層/三層,土:1 建:1車:0,2房2廳1衛,無,無,105
下堡１００之５號三樓,610.0,14.8,41.09,74.18%,公寓(5樓含以下無電梯),三層/三層,土:1 建:1車:1,3房1廳2衛,無,無,105
下堡１６７號三樓,553.0,14.1,39.12,76.90%,公寓(5樓含以下無電梯),/三層,土:1 建:1車:0,3房2廳2衛,無,無,105
安岐４８之１３號二樓,490.0,17.0,28.77,87.75%,公寓(5樓含以下無電梯),二層/三層,土:1 建:1車:0,3房1廳2衛,無,無,105
安岐４８之１２號二樓,500.0,17.2,29.14,85.74%,公寓(5樓含以下無電梯),二層/三層,土:1 建:1車:0,3房2廳2衛,無,無,105
安岐４８之１１號三樓,470.0,16.5,28.42,85.40%,公寓(5樓含以下無電梯),三層/三層,土:1 建:1車:0,3房2廳2衛,無,無,105
安岐４８之１３號三樓,460.0,16.0,28.77,87.75%,公寓(5樓含以下無電梯),三層/三層,土:1 建:1車:0,3房1廳2衛,無,無,105
安岐４８之１３號,462.0,17.2,26.84,94.06%,公寓(5樓含以下無電梯),一層/三層,土:1 建:1車:0,3房1廳2衛,無,無,105
埔後４０之１０號三樓,620.0,24.4,25.42,88.98%,公寓(5樓含以下無電梯),三層/三層,土:3 建:1車:0,3房2廳2衛,無,無,105
頂堡２９７號三樓,705.0,19.0,37.01,89.13%,公寓(5樓含以下無電梯),三層/三層,土:1 建:1車:0,3房2廳2衛,無,無,105
頂堡２９８號三樓,705.0,18.9,37.34,89.18%,公寓(5樓含以下無電梯),三層/三層,土:1 建:1車:0,3房2廳2衛,無,無,105
頂堡２９６號二樓,705.0,19.0,37.01,89.13%,公寓(5樓含以下無電梯),二層/三層,土:1 建:1車:0,3房2廳2衛,無,無,105
下堡１６９號三樓,645.0,14.7,43.81,71.79%,公寓(5樓含以下無電梯),三層/三層,土:1 建:1車:0,3房2廳2衛,無,無,105
下堡１６９號二樓,525.0,12.0,43.81,71.79%,公寓(5樓含以下無電梯),二層/三層,土:1 建:1車:0,3房2廳2衛,無,無,105
下堡１６９號,680.0,15.6,43.61,72.13%,公寓(5樓含以下無電梯),一層/三層,土:1 建:1車:0,3房2廳2衛,無,無,105
下堡１６６號二樓,528.0,13.5,39.11,76.93%,公寓(5樓含以下無電梯),/三層,土:1 建:1車:0,3房2廳2衛,無,無,105
下堡１６８號三樓,745.0,19.1,39.11,76.93%,公寓(5樓含以下無電梯),三層/三層,土:1 建:1車:0,3房2廳2衛,無,無,105
下堡１６６號三樓,560.0,14.3,39.11,76.93%,公寓(5樓含以下無電梯),三層/三層,土:1 建:1車:0,3房2廳2衛,無,無,105
湖下２２０之１０號三樓,650.0,21.0,30.9,87.18%,公寓(5樓含以下無電梯),三層/三層,土:4 建:1車:0,3房2廳2衛,無,無,105
前厝４７號２樓,420.0,19.1,21.98,82.61%,公寓(5樓含以下無電梯),二層/三層,土:1 建:1車:0,2房2廳2衛,無,無,105
頂堡２９８號二樓,700.0,18.7,37.34,89.18%,公寓(5樓含以下無電梯),二層/三層,土:1 建:1車:0,3房2廳2衛,無,無,105
西堡３９之２號三樓,370.0,16.5,22.37,80.03%,公寓(5樓含以下無電梯),三層/三層,土:1 建:1車:0,2房1廳1衛,無,無,105
湖下１４２之５號３樓,690.0,17.3,39.96,74.09%,公寓(5樓含以下無電梯),三層/三層,土:1 建:1車:0,3房2廳2衛,無,無,105
湖下１４２之６號,490.0,17.4,28.13,75.95%,公寓(5樓含以下無電梯),一層/三層,土:1 建:1車:0,2房2廳2衛,無,無,105
湖下１４２之５號２樓,660.0,13.6,48.42,61.14%,公寓(5樓含以下無電梯),二層/三層,土:1 建:1車:1,3房2廳2衛,無,無,105
頂堡２９５號二樓,690.0,18.5,37.34,89.18%,公寓(5樓含以下無電梯),二層/三層,土:1 建:1車:0,3房2廳2衛,無,無,105
頂堡２９７號二樓,704.0,19.0,37.01,89.13%,公寓(5樓含以下無電梯),二層/三層,土:1 建:1車:0,3房2廳2衛,無,無,105
前厝４９號三樓,400.0,17.1,23.34,89.45%,公寓(5樓含以下無電梯),三層/三層,土:1 建:1車:0,2房1廳2衛,無,無,105
珠浦西路９８巷１號１樓,800.0,25.9,30.88,75.93%,公寓(5樓含以下無電梯),一層/四層,土:3 建:1車:0,3房1廳2衛,無,無,105
頂堡２９５號,720.0,21.4,33.57,94.74%,公寓(5樓含以下無電梯),一層/三層,土:1 建:1車:0,3房2廳2衛,無,無,105
頂堡２９６號,720.0,21.7,33.25,94.73%,公寓(5樓含以下無電梯),一層/三層,土:1 建:1車:0,3房2廳2衛,無,無,105
頂堡２９７號,770.0,23.2,33.25,94.73%,公寓(5樓含以下無電梯),一層/三層,土:1 建:1車:0,3房2廳2衛,無,無,105
湖下２２０之１０號二樓,600.0,19.4,30.9,87.18%,公寓(5樓含以下無電梯),二層/三層,土:4 建:1車:0,3房2廳2衛,無,無,105
湖下２２０之１１號,600.0,21.1,28.46,92.42%,公寓(5樓含以下無電梯),一層/三層,土:4 建:1車:0,3房2廳2衛,無,無,105
湖下２２０之１１號三樓,600.0,19.8,30.27,86.92%,公寓(5樓含以下無電梯),三層/三層,土:4 建:1車:0,3房2廳2衛,無,無,105
湖下２２０之１０號,650.0,22.3,29.1,92.59%,公寓(5樓含以下無電梯),一層/三層,土:4 建:1車:0,3房2廳2衛,無,無,105
湖下２２０之１１號二樓,600.0,19.8,30.27,86.92%,公寓(5樓含以下無電梯),二層/三層,土:4 建:1車:0,3房2廳2衛,無,無,105
安岐２０７號二樓,510.0,19.0,26.79,85.04%,公寓(5樓含以下無電梯),二層/三層,土:1 建:1車:0,3房2廳2衛,無,無,104
東州７６之３號三樓,780.0,18.0,43.37,57.93%,公寓(5樓含以下無電梯),三層/三層,土:1 建:1車:0,3房2廳2衛,無,無,104
東州７６之１號二樓,788.0,18.7,42.22,58.09%,公寓(5樓含以下無電梯),二層/三層,土:1 建:1車:0,3房2廳2衛,無,無,104
東州７６之１號三樓,770.0,18.2,42.22,58.09%,公寓(5樓含以下無電梯),三層/三層,土:1 建:1車:0,2房2廳1衛,無,無,104
東州７６之２號二樓,750.0,17.1,43.94,57.61%,公寓(5樓含以下無電梯),二層/三層,土:1 建:1車:0,3房2廳2衛,無,無,104
東州７６之３號,730.0,17.3,42.14,58.07%,公寓(5樓含以下無電梯),一層/三層,土:1 建:1車:0,3房2廳2衛,無,無,104
湖下２１３之１０號,505.0,12.2,41.46,63.97%,公寓(5樓含以下無電梯),一層/三層,土:2 建:1車:1,3房2廳2衛,無,無,104
西浦頭７９之９號三樓,370.0,15.4,24.07,81.54%,公寓(5樓含以下無電梯),三層/三層,土:1 建:1車:0,3房2廳2衛,無,無,104
西浦頭７９之１２號,480.0,19.8,24.24,85.60%,公寓(5樓含以下無電梯),一層/三層,土:1 建:1車:0,3房2廳2衛,無,無,104
東州７６號二樓,775.0,18.0,43.03,57.44%,公寓(5樓含以下無電梯),二層/三層,土:1 建:1車:0,3房2廳2衛,無,無,104
湖下２１３之５號３樓,545.0,12.4,44.17,59.28%,公寓(5樓含以下無電梯),三層/三層,土:2 建:1車:1,3房2廳2衛,無,無,104
下堡１５０之１號二樓,688.0,20.6,33.33,83.94%,公寓(5樓含以下無電梯),二層/三層,土:1 建:1車:0,3房2廳2衛,無,無,104
湖下２１３之６號,545.0,13.2,41.46,63.97%,公寓(5樓含以下無電梯),一層/三層,土:2 建:1車:1,3房2廳2衛,無,無,104
湖下２１３之５號２樓,530.0,11.9,44.13,59.34%,公寓(5樓含以下無電梯),二層/三層,土:2 建:1車:1,3房2廳2衛,無,無,104
埔後３１-１號２樓,728.0,22.5,32.4,84.84%,公寓(5樓含以下無電梯),二層/三層,土:1 建:1車:0,3房2廳2衛,無,無,104
東坑２３之１號,730.0,19.8,36.91,83.17%,公寓(5樓含以下無電梯),一層/三層,土:2 建:1車:0,3房2廳2衛,無,無,104
東坑２３之１號二樓,620.0,16.8,36.91,83.17%,公寓(5樓含以下無電梯),二層/三層,土:2 建:1車:0,3房2廳2衛,無,無,104
埔後３１之１號３樓,639.9,20.7,30.93,,公寓(5樓含以下無電梯),三層/三層,土:1 建:1車:0,3房2廳2衛,無,無,104
頂堡２５２號,500.0,16.8,29.79,86.42%,公寓(5樓含以下無電梯),一層/三層,土:2 建:1車:0,3房2廳2衛,無,無,104
頂堡２５５號三樓,500.0,14.1,35.34,77.79%,公寓(5樓含以下無電梯),三層/三層,土:2 建:1車:0,3房2廳2衛,無,無,104
頂堡２５２號三樓,500.0,16.8,29.75,86.54%,公寓(5樓含以下無電梯),三層/三層,土:2 建:1車:0,3房2廳2衛,無,無,104
頂堡２５５號二樓,500.0,14.1,35.34,77.79%,公寓(5樓含以下無電梯),二層/三層,土:2 建:1車:0,3房2廳2衛,無,無,104
頂堡２５２號二樓,500.0,16.8,29.75,86.54%,公寓(5樓含以下無電梯),二層/三層,土:2 建:1車:0,3房2廳2衛,無,無,104
頂堡２５３號二樓,500.0,17.0,29.41,86.86%,公寓(5樓含以下無電梯),二層/三層,土:2 建:1車:0,3房2廳2衛,無,無,104
頂堡２５３號三樓,500.0,17.0,29.41,86.86%,公寓(5樓含以下無電梯),三層/三層,土:2 建:1車:0,3房2廳2衛,無,無,104
頂堡２５３號,450.0,15.6,28.76,88.84%,公寓(5樓含以下無電梯),一層/三層,土:2 建:1車:0,3房2廳2衛,無,無,104
安岐４８之７號三樓,350.0,17.8,19.65,81.00%,公寓(5樓含以下無電梯),三層/三層,土:1 建:1車:0,2房1廳1衛,無,無,104
安岐１３１號,620.0,14.4,43.02,58.97%,公寓(5樓含以下無電梯),一層/三層,土:1 建:1車:1,3房1廳2衛,無,無,104
東州７６之２號,780.0,18.4,42.47,58.08%,公寓(5樓含以下無電梯),一層/三層,土:1 建:1車:0,3房2廳1衛,無,無,104
東州７６之１號,730.0,17.3,42.25,58.04%,公寓(5樓含以下無電梯),一層/三層,土:1 建:1車:0,3房2廳2衛,無,無,104
下堡１００之１１號三樓,750.0,15.2,49.43,57.45%,公寓(5樓含以下無電梯),三層/三層,土:1 建:1車:1,4房0廳4衛,無,無,104
安岐２７０之１號二樓,425.0,17.0,25.02,,公寓(5樓含以下無電梯),二層/三層,土:1 建:1車:0,3房2廳2衛,無,無,104
安岐２７０號３樓之１,408.0,16.0,25.43,,公寓(5樓含以下無電梯),三層/三層,土:1 建:1車:0,3房2廳2衛,無,無,104
安岐２７０之２號２樓,380.0,14.8,25.74,90.54%,公寓(5樓含以下無電梯),二層/三層,土:1 建:1車:0,3房2廳2衛,無,無,104
安岐２７０之１號３樓,412.0,16.5,25.02,,公寓(5樓含以下無電梯),三層/三層,土:1 建:1車:0,3房2廳2衛,無,無,104
安岐２７０之３號二樓,430.0,15.7,27.34,82.60%,公寓(5樓含以下無電梯),二層/三層,土:1 建:1車:0,3房2廳2衛,無,無,104
安岐２７０號３樓,328.2,16.0,20.58,,公寓(5樓含以下無電梯),三層/三層,土:1 建:1車:0,2房2廳1衛,無,無,104
安岐２７０之２號,399.0,15.5,25.74,90.53%,公寓(5樓含以下無電梯),一層/三層,土:1 建:1車:0,3房2廳2衛,無,無,104
安岐２７０之１號,390.0,15.8,24.64,85.54%,公寓(5樓含以下無電梯),一層/三層,土:1 建:1車:0,3房2廳2衛,無,無,104
安岐２７０之２號３樓,395.0,15.3,25.74,90.54%,公寓(5樓含以下無電梯),三層/三層,土:1 建:1車:0,3房2廳2衛,無,無,104
安岐２０７號三樓,490.0,18.3,26.79,85.04%,公寓(5樓含以下無電梯),三層/三層,土:1 建:1車:0,3房2廳2衛,無,無,104
安岐２０８號三樓,490.0,18.3,26.79,85.04%,公寓(5樓含以下無電梯),三層/三層,土:1 建:1車:0,3房2廳2衛,無,無,104
安岐２０６號三樓,510.0,19.0,26.79,85.04%,公寓(5樓含以下無電梯),三層/三層,土:1 建:1車:0,3房2廳2衛,無,無,104
安岐２０６號,540.0,20.2,26.79,85.04%,公寓(5樓含以下無電梯),一層/三層,土:1 建:1車:0,3房2廳2衛,無,無,104
安岐２０７號,580.0,21.6,26.79,85.04%,公寓(5樓含以下無電梯),一層/三層,土:1 建:1車:0,3房2廳2衛,無,無,104
安岐２０８號二樓,530.0,19.8,26.79,85.04%,公寓(5樓含以下無電梯),二層/三層,土:1 建:1車:0,3房2廳2衛,無,無,104
安岐２０６號二樓,500.0,18.7,26.79,85.04%,公寓(5樓含以下無電梯),二層/三層,土:1 建:1車:0,3房2廳2衛,無,無,104
西浦頭７９之１１號三樓,325.0,13.7,23.64,81.15%,公寓(5樓含以下無電梯),三層/三層,土:1 建:1車:0,3房2廳2衛,無,無,104
西浦頭７９之９號三樓,390.0,16.2,24.07,81.54%,公寓(5樓含以下無電梯),三層/三層,土:1 建:1車:0,3房2廳2衛,無,無,104
西浦頭７９之１０號,370.0,15.5,23.81,85.30%,公寓(5樓含以下無電梯),一層/三層,土:1 建:1車:0,3房2廳2衛,無,無,104
西浦頭７９之１１號二樓,335.0,14.7,22.77,84.23%,公寓(5樓含以下無電梯),二層/三層,土:1 建:1車:0,3房2廳2衛,無,無,104
西浦頭７９之１０號二樓,360.0,15.8,22.77,84.23%,公寓(5樓含以下無電梯),二層/三層,土:1 建:1車:0,3房2廳2衛,無,無,104
西浦頭７９之９號,370.0,15.3,24.24,85.60%,公寓(5樓含以下無電梯),一層/三層,土:1 建:1車:0,3房2廳2衛,無,無,104
西浦頭７９之１０號三樓,370.0,15.7,23.64,81.15%,公寓(5樓含以下無電梯),三層/三層,土:1 建:1車:0,3房2廳2衛,無,無,104
西浦頭７９之９號二樓,325.0,14.0,23.21,84.56%,公寓(5樓含以下無電梯),二層/三層,土:1 建:1車:0,3房2廳2衛,無,無,104
安岐４８之５號二樓,360.0,18.7,19.25,80.74%,公寓(5樓含以下無電梯),二層/三層,土:1 建:1車:0,2房2廳2衛,無,無,104
仁愛新?１７７號三樓之２,430.0,21.2,20.24,79.14%,公寓(5樓含以下無電梯),三層/三層,土:1 建:1車:0,1房2廳2衛,無,無,104
安岐１３２號,632.0,14.2,44.53,57.43%,公寓(5樓含以下無電梯),一層/三層,土:1 建:1車:1,3房1廳2衛,無,無,104
昔果山１６２號３樓,565.0,19.5,28.99,85.86%,公寓(5樓含以下無電梯),三層/三層,土:1 建:1車:0,3房2廳2衛,無,無,104
下堡１５０之１號,750.0,22.5,33.33,86.14%,公寓(5樓含以下無電梯),一層/三層,土:1 建:1車:0,3房2廳2衛,無,無,104
下堡１５０之１號,750.0,22.5,33.33,86.14%,公寓(5樓含以下無電梯),一層/三層,土:1 建:1車:0,3房2廳2衛,無,無,104
下堡１９０號,755.0,19.9,38.01,89.22%,公寓(5樓含以下無電梯),一層/三層,土:1 建:1車:0,3房2廳2衛,無,無,104
下堡１９５號,785.0,21.4,36.68,91.33%,公寓(5樓含以下無電梯),一層/三層,土:1 建:1車:0,3房2廳2衛,無,無,104
下堡１９５號二樓,730.0,19.9,36.68,91.33%,公寓(5樓含以下無電梯),二層/三層,土:1 建:1車:0,3房2廳2衛,無,無,104
下埔下３２７號三樓,700.0,20.8,33.65,83.19%,公寓(5樓含以下無電梯),三層/三層,土:1 建:1車:0,3房2廳2衛,無,無,104
下埔下３２８號,790.0,24.9,31.76,88.13%,公寓(5樓含以下無電梯),一層/三層,土:1 建:1車:0,3房2廳2衛,有,無,104
下埔下３２８號二樓,660.0,18.2,36.35,77.00%,公寓(5樓含以下無電梯),二層/三層,土:1 建:1車:0,3房2廳2衛,有,無,104
伯玉路二段１８４至１９８雙號含２，３樓１９６之１地下室等２５戶公共設施,400.0,10.2,39.12,67.87%,公寓(5樓含以下無電梯),一層/三層,土:1 建:2車:0,3房2廳2衛,無,無,103
安岐１３１號三樓,588.0,13.3,44.1,60.88%,公寓(5樓含以下無電梯),三層/三層,土:1 建:1車:1,3房1廳2衛,無,無,103
埔邊３６號二樓,630.0,20.5,30.67,85.76%,公寓(5樓含以下無電梯),二層/三層,土:1 建:1車:0,2房2廳2衛,無,無,103
安岐１３１號２樓,545.0,13.1,41.53,64.66%,公寓(5樓含以下無電梯),二層/三層,土:1 建:1車:0,3房1廳2衛,無,無,103
安岐１３２號２樓,613.0,13.2,46.29,61.70%,公寓(5樓含以下無電梯),二層/三層,土:1 建:1車:0,3房1廳2衛,無,無,103
安岐１３１號,548.3,12.7,43.02,58.97%,公寓(5樓含以下無電梯),一層/三層,土:1 建:1車:1,3房1廳2衛,無,無,103
安岐１３２號３樓,663.0,13.3,49.89,57.24%,公寓(5樓含以下無電梯),三層/三層,土:1 建:1車:0,3房1廳2衛,無,無,103
下堡１００之２６號三樓,565.0,16.9,33.42,86.76%,公寓(5樓含以下無電梯),三層/三層,土:1 建:1車:0,3房1廳3衛,無,無,103
下堡１００之２６號二樓,567.0,17.0,33.42,86.76%,公寓(5樓含以下無電梯),二層/三層,土:1 建:1車:0,3房1廳3衛,無,無,103
下堡１００之２７號三樓,522.0,15.5,33.69,86.86%,公寓(5樓含以下無電梯),三層/三層,土:1 建:1車:0,3房1廳2衛,無,無,103
下堡１００之２６號,498.0,15.5,32.06,89.21%,公寓(5樓含以下無電梯),一層/三層,土:1 建:1車:0,3房2廳3衛,無,無,103
下堡１００之２７號二樓,488.0,14.5,33.69,86.86%,公寓(5樓含以下無電梯),二層/三層,土:1 建:1車:0,3房1廳2衛,無,無,103
下堡１００之２７號,518.0,16.0,32.33,89.30%,公寓(5樓含以下無電梯),一層/三層,土:1 建:1車:0,3房2廳3衛,無,無,103
下堡１００之２９號,558.0,17.0,32.92,81.39%,公寓(5樓含以下無電梯),一層/三層,土:1 建:1車:0,3房2廳2衛,無,無,103
下堡１００之２８號,500.0,15.2,32.96,81.27%,公寓(5樓含以下無電梯),一層/三層,土:1 建:1車:0,3房2廳2衛,無,無,103
前厝４８號,400.0,13.7,29.19,86.23%,公寓(5樓含以下無電梯),一層/三層,土:1 建:1車:0,3房2廳2衛,無,無,103
前厝４８號二樓,390.0,13.4,29.19,86.23%,公寓(5樓含以下無電梯),二層/三層,土:1 建:1車:0,3房2廳2衛,無,無,103
前厝４８號三樓,470.0,16.1,29.19,86.23%,公寓(5樓含以下無電梯),三層/三層,土:1 建:1車:0,3房2廳2衛,無,無,103
前厝４９號,300.0,12.9,23.34,89.45%,公寓(5樓含以下無電梯),一層/三層,土:1 建:1車:0,2房1廳2衛,無,無,103
前厝４９號二樓,355.0,15.2,23.34,89.45%,公寓(5樓含以下無電梯),二層/三層,土:1 建:1車:0,2房1廳2衛,無,無,103
前厝４９號三樓,335.0,14.4,23.34,89.45%,公寓(5樓含以下無電梯),三層/三層,土:1 建:1車:0,2房1廳2衛,無,無,103
前厝４９之１號,430.0,15.0,28.6,89.36%,公寓(5樓含以下無電梯),一層/三層,土:1 建:1車:0,4房2廳2衛,無,無,103
前厝４９之１號三樓,500.0,16.8,29.84,89.54%,公寓(5樓含以下無電梯),三層/三層,土:1 建:1車:0,4房2廳2衛,無,無,103
前厝４７號二樓,450.0,20.5,21.98,82.61%,公寓(5樓含以下無電梯),二層/三層,土:1 建:1車:0,2房1廳2衛,無,無,103
前厝４７號,450.0,20.8,21.59,84.12%,公寓(5樓含以下無電梯),一層/三層,土:1 建:1車:0,2房1廳2衛,無,無,103
前厝４７號三樓,350.0,15.9,21.98,82.61%,公寓(5樓含以下無電梯),三層/三層,土:1 建:1車:0,2房1廳2衛,無,無,103
前厝４６號,315.0,14.6,21.59,84.12%,公寓(5樓含以下無電梯),一層/三層,土:1 建:1車:0,2房1廳2衛,無,無,103
前厝４６號二樓,330.0,15.0,21.98,82.61%,公寓(5樓含以下無電梯),二層/三層,土:1 建:1車:0,2房1廳2衛,無,無,103
前厝４６號三樓,350.0,15.9,21.98,82.61%,公寓(5樓含以下無電梯),三層/三層,土:1 建:1車:0,2房1廳2衛,無,無,103
湖南３１之３號,560.0,21.8,25.73,92.02%,公寓(5樓含以下無電梯),一層/三層,土:1 建:1車:0,3房2廳2衛,無,無,103
湖南１３之１０號,280.0,8.4,33.5,73.09%,公寓(5樓含以下無電梯),一層/三層,土:1 建:1車:0,3房2廳2衛,無,無,103
頂埔下６９號二樓,650.0,18.4,35.35,84.62%,公寓(5樓含以下無電梯),二層/三層,土:1 建:1車:0,3房2廳3衛,無,無,103
湖南３１之２號二樓,520.0,18.7,27.8,84.29%,公寓(5樓含以下無電梯),二層/三層,土:1 建:1車:0,3房2廳2衛,無,無,103
湖南３１之３號二樓,530.0,18.9,28.07,84.34%,公寓(5樓含以下無電梯),二層/三層,土:1 建:1車:0,3房2廳2衛,無,無,103
湖南３１之３號三樓,530.0,18.9,28.07,84.34%,公寓(5樓含以下無電梯),三層/三層,土:1 建:1車:0,3房2廳2衛,無,無,103
湖南３１之２號三樓,520.0,18.7,27.8,84.29%,公寓(5樓含以下無電梯),三層/三層,土:1 建:1車:0,3房2廳2衛,無,無,103
湖南３１之２號,550.0,21.6,25.49,91.94%,公寓(5樓含以下無電梯),一層/三層,土:1 建:1車:0,3房2廳2衛,無,無,103
下堡１００之１３號,1250.0,19.0,65.88,65.08%,公寓(5樓含以下無電梯),一層/三層,土:1 建:1車:1,5房5廳5衛,無,無,103
湖南１３之１０號三樓,570.0,17.1,33.29,73.56%,公寓(5樓含以下無電梯),三層/三層,土:1 建:1車:0,3房2廳2衛,無,無,103
下堡１００之１３號三樓,1200.0,8.4,142.21,65.08%,公寓(5樓含以下無電梯),三層/三層,土:1 建:1車:11,5房5廳5衛,無,無,103
南湖路１３-１０號２樓,565.0,16.9,33.5,73.09%,公寓(5樓含以下無電梯),二層/三層,土:1 建:1車:0,3房2廳2衛,無,無,103
下堡１００之１０號三樓,670.0,15.8,42.36,70.77%,公寓(5樓含以下無電梯),三層/三層,土:1 建:1車:1,3房2廳2衛,無,無,103
下堡１００之１２號,611.2,11.9,51.25,68.54%,公寓(5樓含以下無電梯),一層/三層,土:1 建:1車:1,4房4廳4衛,無,無,103
下堡１００之８號二樓,615.0,13.8,44.55,71.48%,公寓(5樓含以下無電梯),二層/三層,土:1 建:1車:1,3房2廳2衛,無,無,103
下堡１００之１１號三樓,750.0,15.2,49.43,68.79%,公寓(5樓含以下無電梯),三層/三層,土:1 建:1車:1,4房4廳4衛,無,無,103
下堡１００之１２號三樓,720.0,14.3,50.22,68.54%,公寓(5樓含以下無電梯),三層/三層,土:1 建:1車:1,4房4廳4衛,無,無,103
下堡１００之１１號,434.5,14.6,29.84,69.21%,公寓(5樓含以下無電梯),一層/三層,土:1 建:1車:0,3房2廳2衛,無,無,103
下堡１００之８號三樓,680.0,15.3,44.55,71.48%,公寓(5樓含以下無電梯),三層/三層,土:1 建:1車:1,3房2廳2衛,無,無,103
下堡１００之７號三樓,680.0,15.3,44.55,71.48%,公寓(5樓含以下無電梯),三層/三層,土:1 建:1車:1,3房2廳2衛,無,無,103
埔邊３９號三樓,720.0,19.2,37.41,79.89%,公寓(5樓含以下無電梯),三層/三層,土:1 建:1車:0,3房2廳2衛,無,無,103
埔邊３５號三樓,690.0,18.7,36.91,72.62%,公寓(5樓含以下無電梯),三層/三層,土:1 建:1車:0,3房1廳2衛,無,無,103
埔邊３８號二樓,610.0,18.2,33.52,83.39%,公寓(5樓含以下無電梯),二層/三層,土:1 建:1車:0,2房2廳2衛,無,無,103
埔邊３６號,740.0,25.0,29.61,88.82%,公寓(5樓含以下無電梯),一層/三層,土:1 建:1車:0,2房1廳2衛,無,無,103
埔邊３７號三樓,782.0,22.6,34.6,87.46%,公寓(5樓含以下無電梯),三層/三層,土:1 建:1車:0,2房2廳2衛,無,無,103
埔邊３７號二樓,657.4,19.0,34.6,87.46%,公寓(5樓含以下無電梯),二層/三層,土:1 建:1車:0,2房2廳2衛,無,無,103
埔邊３９號二樓,650.0,17.4,37.41,79.89%,公寓(5樓含以下無電梯),二層/三層,土:1 建:1車:0,3房2廳2衛,無,無,103
埔邊３８號三樓,610.0,18.2,33.52,83.39%,公寓(5樓含以下無電梯),三層/三層,土:1 建:1車:0,2房2廳2衛,無,無,103
埔邊３５號二樓,675.0,18.3,36.91,72.62%,公寓(5樓含以下無電梯),二層/三層,土:1 建:1車:0,3房1廳2衛,無,無,103
下堡１００之９號三樓,680.0,15.2,44.62,71.34%,公寓(5樓含以下無電梯),三層/三層,土:1 建:1車:1,3房2廳2衛,無,無,103
下埔下１１７號２樓,710.0,17.8,39.84,82.44%,公寓(5樓含以下無電梯),二層/三層,土:1 建:1車:0,3房2廳2衛,無,無,103
頂埔下２３之１號二樓,470.0,14.3,32.88,84.14%,公寓(5樓含以下無電梯),二層/三層,土:2 建:1車:0,3房2廳2衛,無,無,102
下堡１００之１７號,418.2,14.6,28.57,65.05%,公寓(5樓含以下無電梯),一層/三層,土:1 建:1車:0,3房3廳3衛,無,無,102
下堡１００之９號二樓,515.1,14.1,36.47,71.34%,公寓(5樓含以下無電梯),二層/三層,土:1 建:1車:0,2房2廳1衛,無,無,102
下堡１００之１１號二樓,597.0,14.5,41.29,68.79%,公寓(5樓含以下無電梯),二層/三層,土:1 建:1車:0,3房2廳2衛,無,無,102
下堡１００之１２號二樓,561.0,13.0,43.1,68.54%,公寓(5樓含以下無電梯),二層/三層,土:1 建:1車:0,4房4廳4衛,無,無,102
下堡１００之８號,524.0,11.8,44.55,74.20%,公寓(5樓含以下無電梯),一層/三層,土:1 建:1車:1,3房2廳2衛,無,無,102
下堡１００之１０號二樓,535.0,12.6,42.36,70.77%,公寓(5樓含以下無電梯),二層/三層,土:1 建:1車:1,2房2廳1衛,無,無,102
下堡１００之７號,519.4,11.7,44.55,74.20%,公寓(5樓含以下無電梯),一層/三層,土:1 建:1車:1,3房2廳2衛,無,無,102
下堡１００之９號,550.0,12.3,44.62,74.05%,公寓(5樓含以下無電梯),一層/三層,土:1 建:1車:1,3房2廳2衛,無,無,102
下堡１００之７號二樓,549.6,12.3,44.55,71.48%,公寓(5樓含以下無電梯),二層/三層,土:1 建:1車:1,3房2廳2衛,無,無,102
下堡１００之１０號,529.0,12.5,42.33,73.81%,公寓(5樓含以下無電梯),一層/三層,土:1 建:1車:1,3房2廳2衛,無,無,102
湖埔村頂埔下２３之２號,370.0,15.7,23.54,84.89%,公寓(5樓含以下無電梯),一層/三層,土:2 建:1車:0,2房1廳1衛,無,無,102
湖埔村頂埔下２３之６號３樓,365.0,15.5,23.55,81.16%,公寓(5樓含以下無電梯),三層/三層,土:2 建:1車:0,2房1廳1衛,無,無,102
湖埔村頂埔下２３之６號,325.0,13.8,23.54,84.89%,公寓(5樓含以下無電梯),一層/三層,土:2 建:1車:0,2房1廳1衛,無,無,102
湖埔村頂埔下２３之１號,500.0,15.2,32.88,85.05%,公寓(5樓含以下無電梯),一層/三層,土:2 建:1車:0,3房2廳2衛,無,無,102
湖埔村頂埔下２３之１號３樓,480.0,14.6,32.88,84.14%,公寓(5樓含以下無電梯),三層/三層,土:2 建:1車:0,3房2廳2衛,無,無,102
湖埔村頂埔下２３號２樓,460.0,14.0,32.88,84.14%,公寓(5樓含以下無電梯),二層/三層,土:2 建:1車:0,3房2廳2衛,無,無,102
湖埔村頂埔下２３之２號２樓,358.0,15.2,23.55,81.16%,公寓(5樓含以下無電梯),二層/三層,土:2 建:1車:0,2房1廳1衛,無,無,102
湖埔村頂埔下２３之６號２樓,350.0,14.9,23.55,77.57%,公寓(5樓含以下無電梯),二層/三層,土:2 建:1車:0,2房1廳1衛,無,無,102
湖埔村頂埔下２３之２號３樓,350.0,14.9,23.55,81.16%,公寓(5樓含以下無電梯),三層/三層,土:2 建:1車:0,2房1廳2衛,無,無,102
湖埔村頂埔下２３號３樓,480.0,14.6,32.88,84.14%,公寓(5樓含以下無電梯),三層/三層,土:2 建:1車:0,3房2廳2衛,無,無,102
湖下２２３-８號３樓,560.0,23.4,23.89,,公寓(5樓含以下無電梯),三層/三層,土:5 建:1車:0,3房2廳2衛,無,無,102
湖下２２３-６號３樓,545.0,14.7,37.07,,公寓(5樓含以下無電梯),三層/三層,土:5 建:1車:0,3房2廳2衛,無,無,102
仁愛新?１０２號二樓,386.0,13.5,28.61,86.74%,公寓(5樓含以下無電梯),二層/三層,土:1 建:1車:0,3房2廳2衛,無,無,102
仁愛新?１０２號三樓,396.0,13.8,28.61,86.74%,公寓(5樓含以下無電梯),三層/三層,土:1 建:1車:0,3房2廳2衛,無,無,102
仁愛新?１０３號二樓,386.0,13.4,28.8,83.96%,公寓(5樓含以下無電梯),二層/三層,土:1 建:1車:0,3房2廳2衛,無,無,102
仁愛新?１０１號二樓,770.0,12.5,61.72,81.36%,公寓(5樓含以下無電梯),三層/三層,土:1 建:2車:0,3房2廳2衛,無,無,102
仁愛新?１０２號,410.0,15.0,27.36,90.71%,公寓(5樓含以下無電梯),一層/三層,土:1 建:1車:0,3房2廳2衛,無,無,102
仁愛新?１０３號,400.0,14.5,27.55,87.78%,公寓(5樓含以下無電梯),一層/三層,土:1 建:1車:0,3房2廳2衛,無,無,102
仁愛新?１０３號三樓,385.0,13.4,28.8,83.96%,公寓(5樓含以下無電梯),三層/三層,土:1 建:1車:0,3房2廳2衛,無,無,102
下堡２０２號三樓,535.0,15.3,34.98,82.58%,公寓(5樓含以下無電梯),三層/三層,土:1 建:1車:0,3房2廳2衛,無,無,102
頂堡６３之７號三樓,513.0,15.1,33.87,82.99%,公寓(5樓含以下無電梯),三層/三層,土:1 建:2車:0,3房2廳2衛,無,無,102
頂埔下７０號二樓,555.0,0.0,35.35,84.62%,公寓(5樓含以下無電梯),二層/三層,土:1 建:1車:0,3房1廳1衛,無,無,102
仁愛新?１０１號,410.0,14.8,27.67,90.75%,公寓(5樓含以下無電梯),一層/三層,土:1 建:1車:0,3房2廳2衛,無,無,102
頂埔下６９號,520.0,17.4,29.91,100.00%,公寓(5樓含以下無電梯),一層/三層,土:1 建:1車:0,3房2廳2衛,無,無,102
