總價(萬元),單價,總面積,主建物佔比,型態,管理組織,電梯,交易年份,土,建,車,房,廳,衛,樓別,樓高,地區
230.0,21.9,10.5,64.26%,華廈(10層含以下有電梯),有,有,112,1,1,0,1.0,0.0,1.0,二層,3,頂埔下
830.0,22.9,36.17,74.62%,華廈(10層含以下有電梯),無,有,112,3,1,0,3.0,2.0,2.0,四層,5,榜林
895.0,25.2,35.48,75.70%,華廈(10層含以下有電梯),無,有,112,3,1,0,3.0,2.0,2.0,二層,5,榜林
540.0,20.1,26.82,74.82%,華廈(10層含以下有電梯),無,有,112,1,1,0,3.0,1.0,2.0,三層,5,瓊安路
828.0,22.9,36.17,74.62%,華廈(10層含以下有電梯),無,有,112,3,1,0,3.0,2.0,2.0,三層,5,榜林
850.0,20.6,41.29,63.82%,公寓(5樓含以下無電梯),有,無,112,2,1,1,3.0,2.0,2.0,一層,3,湖下
230.0,24.7,9.32,75.24%,公寓(5樓含以下無電梯),無,無,112,2,1,0,1.0,1.0,1.0,三層,3,頂埔下
290.0,29.3,9.89,84.29%,公寓(5樓含以下無電梯),無,無,112,1,1,0,1.0,1.0,1.0,二層,3,埔後
680.0,22.3,30.56,75.55%,華廈(10層含以下有電梯),無,有,112,1,1,0,3.0,2.0,2.0,三層,5,瓊安路
830.0,22.9,36.17,74.62%,華廈(10層含以下有電梯),無,有,112,3,1,0,3.0,2.0,2.0,五層,5,榜林
645.0,23.5,27.47,75.52%,華廈(10層含以下有電梯),無,有,112,2,1,0,3.0,1.0,2.0,二層,5,中堡
2000.0,30.4,65.88,65.07%,公寓(5樓含以下無電梯),有,無,112,1,1,1,4.0,0.0,4.0,一層,3,下堡
260.0,23.5,11.07,80.22%,公寓(5樓含以下無電梯),無,無,112,1,1,0,1.0,1.0,1.0,三層,3,下堡
565.0,22.0,25.74,89.25%,公寓(5樓含以下無電梯),無,無,112,1,1,0,3.0,2.0,2.0,一層,3,嚨口
895.0,25.2,35.48,75.70%,華廈(10層含以下有電梯),無,有,112,3,1,0,3.0,2.0,2.0,三層,5,榜林
910.0,24.3,37.44,73.70%,華廈(10層含以下有電梯),無,有,112,1,1,0,3.0,2.0,2.0,二層,4,盤果路
175.0,23.8,7.34,78.15%,公寓(5樓含以下無電梯),無,無,112,1,1,0,1.0,1.0,1.0,三層,3,下堡
886.0,25.0,35.48,75.70%,華廈(10層含以下有電梯),無,有,111,3,1,0,3.0,2.0,2.0,一層,5,榜林
920.0,25.4,36.17,74.62%,華廈(10層含以下有電梯),無,有,111,3,1,0,3.0,2.0,2.0,五層,5,榜林
820.0,22.7,36.17,74.62%,華廈(10層含以下有電梯),無,有,111,3,1,0,3.0,2.0,2.0,四層,5,榜林
195.0,23.0,8.49,79.34%,公寓(5樓含以下無電梯),無,無,111,1,1,0,1.0,1.0,1.0,三層,3,下堡
173.0,23.2,7.47,78.30%,公寓(5樓含以下無電梯),無,無,111,1,1,0,1.0,1.0,1.0,三層,3,下堡
700.0,16.6,42.09,65.86%,華廈(10層含以下有電梯),有,有,111,1,1,1,2.0,2.0,2.0,一層,3,前厝
175.0,23.4,7.47,78.30%,公寓(5樓含以下無電梯),無,無,111,1,1,0,1.0,1.0,1.0,三層,3,下堡
300.0,17.1,17.49,64.75%,公寓(5樓含以下無電梯),有,無,111,1,1,1,1.0,1.0,1.0,三層,3,下堡
900.0,24.0,37.44,73.70%,公寓(5樓含以下無電梯),無,無,111,1,1,0,3.0,2.0,2.0,三層,4,盤果路
835.0,23.1,36.17,74.62%,華廈(10層含以下有電梯),無,有,111,3,1,0,3.0,2.0,2.0,二層,5,榜林
825.0,23.3,35.48,75.70%,華廈(10層含以下有電梯),無,有,111,3,1,0,3.0,2.0,2.0,五層,5,榜林
825.0,23.3,35.48,75.70%,華廈(10層含以下有電梯),無,有,111,3,1,0,3.0,2.0,2.0,四層,5,榜林
580.0,25.1,23.14,73.64%,華廈(10層含以下有電梯),有,有,111,1,1,0,2.0,1.0,1.0,四層,5,湖下
820.0,23.1,35.48,75.70%,華廈(10層含以下有電梯),無,有,111,3,1,0,3.0,2.0,2.0,三層,5,榜林
175.0,18.8,9.31,85.05%,公寓(5樓含以下無電梯),無,無,111,1,1,0,1.0,1.0,1.0,三層,3,下堡
605.0,20.8,29.08,82.75%,公寓(5樓含以下無電梯),無,無,111,1,1,0,3.0,2.0,2.0,二層,3,西浦頭
825.0,23.3,35.48,75.70%,華廈(10層含以下有電梯),無,有,111,3,1,0,3.0,2.0,2.0,四層,5,榜林
170.0,19.5,8.73,84.07%,公寓(5樓含以下無電梯),無,無,111,1,1,0,1.0,1.0,1.0,一層,3,下堡
430.0,22.0,19.52,77.32%,華廈(10層含以下有電梯),有,有,111,1,1,0,2.0,1.0,1.0,一層,5,西堡
620.0,21.6,31.13,74.82%,華廈(10層含以下有電梯),無,有,111,1,1,1,3.0,2.0,2.0,五層,5,瓊安路
600.0,19.7,32.8,73.04%,華廈(10層含以下有電梯),無,有,111,1,1,1,3.0,2.0,2.0,二層,5,瓊安路
820.0,19.1,42.93,59.88%,華廈(10層含以下有電梯),有,有,111,1,1,0,3.0,1.0,2.0,二層,6,頂堡
875.0,24.7,35.48,75.70%,華廈(10層含以下有電梯),無,有,111,3,1,0,3.0,2.0,2.0,一層,5,榜林
530.0,22.7,23.33,72.54%,華廈(10層含以下有電梯),無,有,111,1,1,0,3.0,2.0,2.0,二層,5,下堡
660.0,22.5,29.28,67.21%,華廈(10層含以下有電梯),無,有,111,1,1,0,3.0,2.0,2.0,四層,5,下堡
750.0,24.5,30.56,75.55%,華廈(10層含以下有電梯),無,有,111,1,1,0,3.0,2.0,2.0,五層,5,瓊安路
464.0,18.7,24.78,76.62%,公寓(5樓含以下無電梯),有,無,111,1,1,0,2.0,1.0,1.0,三層,3,下堡
170.0,22.8,7.47,78.30%,公寓(5樓含以下無電梯),無,無,111,1,1,0,1.0,1.0,1.0,二層,3,下堡
470.0,24.8,18.93,85.81%,公寓(5樓含以下無電梯),無,無,111,1,1,0,2.0,1.0,1.0,二層,3,仁愛新
175.0,23.8,7.34,78.15%,公寓(5樓含以下無電梯),無,無,111,1,1,0,1.0,1.0,1.0,三層,3,下堡
195.0,23.0,8.49,79.34%,公寓(5樓含以下無電梯),無,無,111,1,1,0,1.0,1.0,1.0,三層,3,下堡
205.0,21.3,9.62,81.85%,公寓(5樓含以下無電梯),無,無,111,1,1,0,1.0,1.0,1.0,三層,3,下堡
598.0,19.8,30.2,85.04%,華廈(10層含以下有電梯),有,有,111,2,1,0,3.0,2.0,2.0,一層,5,安岐
608.0,17.6,34.45,78.21%,華廈(10層含以下有電梯),有,有,111,2,1,0,3.0,2.0,2.0,三層,5,安岐
630.0,19.3,32.69,78.56%,華廈(10層含以下有電梯),有,有,111,2,1,0,3.0,2.0,2.0,四層,5,安岐
598.0,17.4,34.34,78.14%,華廈(10層含以下有電梯),有,有,111,2,1,0,3.0,2.0,2.0,五層,5,安岐
205.0,21.3,9.62,81.85%,公寓(5樓含以下無電梯),無,無,111,1,1,0,1.0,1.0,1.0,三層,3,下堡
580.0,16.9,34.34,78.14%,華廈(10層含以下有電梯),有,有,111,2,1,0,3.0,2.0,2.0,四層,5,安岐
390.0,22.5,17.87,68.87%,華廈(10層含以下有電梯),無,有,111,1,1,1,2.0,1.0,2.0,一層,5,下堡
618.0,18.9,32.69,78.56%,華廈(10層含以下有電梯),無,有,111,2,1,0,3.0,1.0,2.0,三層,5,安岐
638.0,19.5,32.69,78.56%,華廈(10層含以下有電梯),無,有,111,2,1,0,3.0,1.0,2.0,二層,5,安岐
646.0,19.8,32.69,78.56%,華廈(10層含以下有電梯),無,有,111,2,1,0,3.0,1.0,2.0,五層,5,安岐
655.0,20.9,31.29,85.56%,華廈(10層含以下有電梯),無,有,111,2,1,0,3.0,1.0,2.0,一層,5,安岐
235.0,16.8,14.01,81.96%,公寓(5樓含以下無電梯),有,無,111,1,1,0,3.0,2.0,2.0,二層,3,嚨口
638.0,18.5,34.45,78.21%,華廈(10層含以下有電梯),無,有,111,2,1,0,3.0,1.0,2.0,二層,5,安岐
620.0,15.7,39.38,77.38%,公寓(5樓含以下無電梯),無,無,111,1,1,1,3.0,2.0,2.0,一層,3,頂堡
535.0,20.4,26.23,89.68%,公寓(5樓含以下無電梯),無,無,111,1,1,0,3.0,2.0,2.0,一層,3,西浦頭
655.0,21.4,32.8,73.04%,華廈(10層含以下有電梯),無,有,111,1,1,1,3.0,2.0,2.0,五層,5,瓊安路
175.0,23.8,7.34,78.15%,公寓(5樓含以下無電梯),無,無,111,1,1,0,1.0,1.0,1.0,二層,3,下堡
220.0,25.4,8.65,79.01%,公寓(5樓含以下無電梯),無,無,111,2,1,0,1.0,0.0,1.0,三層,3,榜林
610.0,18.7,32.65,69.68%,華廈(10層含以下有電梯),無,有,111,1,1,0,2.0,2.0,2.0,五層,5,西堡
600.0,18.4,32.65,69.68%,華廈(10層含以下有電梯),無,有,111,1,1,0,2.0,2.0,2.0,四層,5,西堡
600.0,18.4,32.65,69.68%,華廈(10層含以下有電梯),無,有,111,1,1,0,2.0,2.0,2.0,三層,5,西堡
600.0,18.4,32.65,69.68%,華廈(10層含以下有電梯),無,有,111,1,1,0,2.0,2.0,2.0,二層,5,西堡
630.0,22.1,28.56,75.13%,華廈(10層含以下有電梯),有,有,111,3,1,0,3.0,2.0,2.0,四層,5,西山
870.0,18.4,47.2,85.67%,華廈(10層含以下有電梯),有,有,111,1,1,0,3.0,2.0,2.0,"一層,地下一層",3,林湖路
200.0,15.9,12.61,74.93%,公寓(5樓含以下無電梯),無,無,111,1,2,0,1.0,1.0,1.0,一層,3,湖下
200.0,15.1,13.25,71.32%,公寓(5樓含以下無電梯),無,無,111,1,2,0,1.0,1.0,1.0,二層,3,湖下
645.0,23.7,27.16,85.46%,公寓(5樓含以下無電梯),有,無,111,1,1,0,3.0,2.0,2.0,三層,3,湖下
600.0,20.6,29.17,73.86%,華廈(10層含以下有電梯),無,有,111,1,1,0,3.0,2.0,2.0,三層,5,瓊安路
705.0,18.1,38.88,91.28%,公寓(5樓含以下無電梯),無,無,111,1,1,0,2.0,1.0,2.0,"一層,地下一層",3,下堡
575.0,20.8,27.7,87.89%,公寓(5樓含以下無電梯),無,無,111,2,1,0,3.0,2.0,2.0,二層,3,安岐
575.0,20.8,27.7,87.89%,公寓(5樓含以下無電梯),無,無,111,2,1,0,3.0,2.0,2.0,三層,3,安岐
645.0,20.6,33.48,73.86%,華廈(10層含以下有電梯),無,有,111,1,1,1,3.0,2.0,2.0,四層,5,瓊安路
670.0,21.4,33.48,73.86%,華廈(10層含以下有電梯),無,有,111,1,1,1,3.0,2.0,2.0,五層,5,瓊安路
770.0,21.7,35.47,84.35%,公寓(5樓含以下無電梯),無,無,111,1,1,0,3.0,1.0,3.0,三層,3,頂埔下
810.0,22.0,36.84,77.74%,公寓(5樓含以下無電梯),有,無,111,1,2,0,3.0,2.0,2.0,三層,3,下埔下
230.0,24.1,9.54,73.33%,公寓(5樓含以下無電梯),無,無,111,4,1,0,,,,二層,3,埔邊
810.0,23.5,34.53,82.95%,公寓(5樓含以下無電梯),有,無,111,1,2,0,3.0,2.0,2.0,一層,3,下埔下
740.0,20.1,36.84,77.74%,公寓(5樓含以下無電梯),有,無,111,1,2,0,3.0,2.0,2.0,二層,3,下埔下
580.0,19.9,29.17,73.86%,華廈(10層含以下有電梯),無,有,111,1,1,0,3.0,2.0,2.0,二層,5,瓊安路
950.0,22.1,43.03,57.44%,華廈(10層含以下有電梯),有,有,111,1,1,0,3.0,2.0,2.0,二層,3,東洲
500.0,16.4,30.45,62.87%,華廈(10層含以下有電梯),有,有,111,5,1,1,2.0,2.0,2.0,五層,5,頂堡
650.0,22.7,28.63,83.17%,公寓(5樓含以下無電梯),無,無,111,1,1,0,3.0,2.0,2.0,二層,3,東坑
575.0,24.5,23.48,75.24%,華廈(10層含以下有電梯),有,有,111,1,1,0,2.0,2.0,1.0,二層,5,湖下
370.0,18.9,19.58,92.60%,公寓(5樓含以下無電梯),無,無,111,1,1,0,4.0,0.0,4.0,三層,3,仁愛新
480.0,15.8,30.45,62.87%,華廈(10層含以下有電梯),有,有,111,5,1,1,2.0,2.0,2.0,三層,5,頂堡
570.0,26.4,21.56,81.12%,公寓(5樓含以下無電梯),無,無,111,1,1,0,2.0,2.0,1.0,一層,5,湖下
698.0,21.6,34.87,75.55%,華廈(10層含以下有電梯),無,有,111,1,1,1,3.0,2.0,2.0,二層,5,瓊安路
620.0,23.1,26.79,85.04%,公寓(5樓含以下無電梯),無,無,111,1,1,0,3.0,1.0,2.0,三層,3,安岐
430.0,23.6,18.21,77.61%,華廈(10層含以下有電梯),有,有,111,2,1,0,2.0,1.0,1.0,一層,4,湖下
488.0,18.9,25.78,74.96%,華廈(10層含以下有電梯),無,有,111,5,1,1,2.0,1.0,2.0,二層,5,頂堡
620.0,20.2,32.8,73.04%,華廈(10層含以下有電梯),無,有,111,1,1,1,3.0,2.0,2.0,四層,5,瓊安路
300.0,28.4,10.58,64.24%,華廈(10層含以下有電梯),有,有,111,1,1,0,1.0,1.0,1.0,三層,3,頂埔下
680.0,16.5,41.33,59.13%,華廈(10層含以下有電梯),有,有,111,5,1,1,3.0,2.0,2.0,二層,5,頂堡
240.0,28.3,8.49,79.34%,公寓(5樓含以下無電梯),無,無,111,1,1,0,1.0,1.0,1.0,二層,3,下堡
550.0,23.4,23.48,75.24%,華廈(10層含以下有電梯),有,有,111,1,1,0,2.0,2.0,1.0,四層,5,湖下
583.0,20.5,28.49,73.04%,華廈(10層含以下有電梯),無,有,111,1,1,0,3.0,2.0,2.0,三層,5,瓊安路
570.0,26.2,21.77,81.10%,華廈(10層含以下有電梯),有,有,111,1,1,1,2.0,2.0,1.0,一層,5,湖下
625.0,20.5,30.56,75.55%,華廈(10層含以下有電梯),無,有,111,1,1,0,3.0,2.0,2.0,四層,5,瓊安路
440.0,18.7,23.55,81.16%,公寓(5樓含以下無電梯),無,無,111,2,1,0,2.0,1.0,1.0,三層,3,頂埔下
560.0,15.7,35.61,69.01%,華廈(10層含以下有電梯),有,有,111,1,1,1,3.0,2.0,2.0,三層,5,中堡
800.0,17.2,46.47,61.46%,公寓(5樓含以下無電梯),無,無,111,1,1,1,3.0,2.0,2.0,二層,3,安岐
550.0,22.2,24.72,81.27%,公寓(5樓含以下無電梯),無,無,111,1,1,0,3.0,2.0,2.0,三層,3,東坑
700.0,15.5,45.06,59.18%,華廈(10層含以下有電梯),有,有,111,5,1,3,3.0,2.0,2.0,一層,5,頂堡
700.0,17.1,40.95,59.13%,華廈(10層含以下有電梯),有,有,111,5,1,1,3.0,2.0,2.0,四層,5,頂堡
700.0,17.1,40.95,59.13%,華廈(10層含以下有電梯),有,有,111,5,1,1,3.0,2.0,2.0,三層,5,頂堡
700.0,21.9,31.9,77.45%,華廈(10層含以下有電梯),無,有,111,2,1,0,3.0,2.0,2.0,三層,3,林湖路
558.0,19.1,31.13,74.82%,華廈(10層含以下有電梯),無,有,111,1,1,1,3.0,2.0,2.0,四層,5,瓊安路
660.0,16.3,40.5,59.13%,華廈(10層含以下有電梯),有,有,111,5,1,2,3.0,2.0,2.0,三層,5,頂堡
700.0,17.3,40.49,59.15%,華廈(10層含以下有電梯),有,有,111,5,1,2,3.0,2.0,2.0,一層,5,頂堡
660.0,16.3,40.5,59.13%,華廈(10層含以下有電梯),有,有,111,5,1,2,3.0,2.0,2.0,四層,5,頂堡
500.0,16.6,30.14,62.88%,華廈(10層含以下有電梯),有,有,111,5,1,1,2.0,2.0,2.0,三層,5,頂堡
480.0,15.9,30.14,62.88%,華廈(10層含以下有電梯),有,有,111,5,1,1,2.0,2.0,2.0,四層,5,頂堡
480.0,18.6,25.78,62.87%,華廈(10層含以下有電梯),有,有,111,5,1,0,2.0,2.0,2.0,四層,5,頂堡
500.0,19.3,25.89,62.97%,華廈(10層含以下有電梯),有,有,111,5,1,0,2.0,2.0,2.0,一層,5,頂堡
680.0,18.5,36.74,59.14%,華廈(10層含以下有電梯),有,有,111,5,1,0,3.0,2.0,2.0,五層,5,頂堡
430.0,16.6,25.85,62.88%,華廈(10層含以下有電梯),有,有,111,5,1,0,2.0,2.0,2.0,二層,5,頂堡
480.0,18.6,25.85,62.88%,華廈(10層含以下有電梯),有,有,111,5,1,0,2.0,2.0,2.0,五層,5,頂堡
650.0,17.7,36.74,59.14%,華廈(10層含以下有電梯),有,有,111,5,1,0,3.0,2.0,2.0,二層,5,頂堡
555.0,23.9,23.26,75.19%,華廈(10層含以下有電梯),有,有,111,1,1,0,2.0,2.0,1.0,四層,5,湖下
640.0,18.7,34.19,71.88%,華廈(10層含以下有電梯),無,有,111,2,1,0,3.0,2.0,2.0,五層,5,西山
545.0,19.1,28.53,67.93%,華廈(10層含以下有電梯),無,有,111,2,1,0,2.0,1.0,2.0,四層,4,西山
765.0,17.9,42.66,59.66%,華廈(10層含以下有電梯),有,有,111,1,1,0,3.0,2.0,2.0,一層,6,頂堡
810.0,17.6,46.83,59.64%,華廈(10層含以下有電梯),有,有,111,1,1,1,3.0,2.0,2.0,二層,6,頂堡
700.0,16.2,43.2,59.13%,華廈(10層含以下有電梯),有,有,111,5,1,1,3.0,2.0,2.0,五層,5,頂堡
200.0,18.9,10.58,64.24%,華廈(10層含以下有電梯),有,有,111,1,1,0,1.0,0.0,1.0,三層,3,頂埔下
642.0,18.3,50.09,67.93%,華廈(10層含以下有電梯),無,有,111,2,1,4,2.0,2.0,1.0,二層,4,西山
430.0,22.7,18.95,92.16%,公寓(5樓含以下無電梯),無,無,111,1,1,0,2.0,1.0,1.0,一層,3,昔果山
830.0,24.1,34.51,81.35%,公寓(5樓含以下無電梯),無,無,111,1,1,0,3.0,2.0,2.0,一層,3,林湖路
530.0,19.0,27.92,82.08%,公寓(5樓含以下無電梯),無,無,111,1,1,0,3.0,2.0,2.0,二層,3,中堡
563.0,20.6,27.39,74.94%,華廈(10層含以下有電梯),無,有,111,1,1,0,3.0,2.0,2.0,一層,5,瓊安路
980.0,20.8,47.14,85.66%,公寓(5樓含以下無電梯),無,無,111,1,1,0,3.0,2.0,2.0,"一層,地下一層",3,林湖路
220.0,20.8,10.58,64.24%,華廈(10層含以下有電梯),無,有,110,1,1,0,1.0,0.0,1.0,二層,3,頂埔下
260.0,14.9,17.49,64.75%,公寓(5樓含以下無電梯),有,無,110,1,1,1,1.0,1.0,1.0,三層,3,下堡
520.0,22.1,23.48,75.24%,公寓(5樓含以下無電梯),無,無,110,1,1,0,2.0,2.0,1.0,四層,5,湖下
700.0,20.4,34.34,78.68%,華廈(10層含以下有電梯),無,有,110,2,1,0,3.0,1.0,2.0,一層,5,東坑
530.0,22.6,23.48,75.24%,公寓(5樓含以下無電梯),無,無,110,1,1,0,2.0,2.0,1.0,五層,5,湖下
260.0,21.2,12.26,46.52%,華廈(10層含以下有電梯),無,有,110,1,1,0,1.0,0.0,1.0,二層,3,埔邊
520.0,19.4,26.82,74.82%,華廈(10層含以下有電梯),無,有,110,1,1,0,3.0,2.0,2.0,三層,5,瓊安路
660.0,21.8,30.33,79.41%,公寓(5樓含以下無電梯),無,無,110,1,2,0,3.0,2.0,2.0,二層,3,下埔下
830.0,17.9,47.07,59.90%,華廈(10層含以下有電梯),有,有,110,1,1,1,3.0,2.0,2.0,一層,6,頂堡
425.0,22.3,19.05,73.29%,華廈(10層含以下有電梯),有,有,110,2,1,0,2.0,1.0,1.0,四層,4,湖下
700.0,23.1,30.33,79.41%,公寓(5樓含以下無電梯),無,無,110,1,2,0,3.0,2.0,2.0,三層,3,下埔下
385.0,29.0,13.29,85.36%,公寓(5樓含以下無電梯),無,無,110,1,1,0,1.0,1.0,1.0,一層,3,頂堡
580.0,19.1,30.29,85.76%,公寓(5樓含以下無電梯),無,無,110,1,1,0,3.0,2.0,2.0,一層,3,昔果山
600.0,23.4,25.69,79.40%,公寓(5樓含以下無電梯),無,無,110,1,2,0,3.0,1.0,2.0,三層,3,東洲
710.0,16.8,42.33,73.81%,公寓(5樓含以下無電梯),有,無,110,1,1,1,3.0,2.0,2.0,一層,3,下堡
625.0,21.7,28.8,83.96%,公寓(5樓含以下無電梯),無,無,110,1,1,0,3.0,2.0,2.0,三層,3,仁愛新
600.0,20.0,30.01,71.86%,華廈(10層含以下有電梯),無,有,110,1,1,0,3.0,2.0,2.0,五層,5,瓊安路
562.0,21.2,26.5,72.84%,華廈(10層含以下有電梯),無,有,110,1,1,0,3.0,2.0,2.0,二層,5,安岐
480.0,11.6,41.45,88.01%,公寓(5樓含以下無電梯),有,無,110,1,1,0,2.0,2.0,2.0,"一層,地下一層",3,下堡
640.0,21.5,29.75,86.54%,華廈(10層含以下有電梯),無,有,110,2,1,0,3.0,2.0,2.0,三層,3,頂堡
555.0,20.3,27.34,82.60%,公寓(5樓含以下無電梯),有,無,110,1,1,0,3.0,2.0,2.0,二層,3,安岐
400.0,23.9,16.71,80.90%,公寓(5樓含以下無電梯),無,無,110,1,1,0,2.0,1.0,1.0,三層,3,下埔下
470.0,20.2,23.26,75.19%,華廈(10層含以下有電梯),無,有,110,1,1,0,2.0,2.0,1.0,二層,5,湖下
660.0,20.7,31.9,77.45%,華廈(10層含以下有電梯),無,有,110,1,1,0,3.0,2.0,2.0,二層,3,林湖路
405.0,24.2,16.76,80.95%,公寓(5樓含以下無電梯),無,無,110,1,1,0,2.0,1.0,1.0,二層,3,下埔下
253.0,20.6,12.3,46.69%,華廈(10層含以下有電梯),無,有,110,1,1,0,,,,二層,3,埔邊
477.0,20.3,23.48,75.24%,華廈(10層含以下有電梯),有,有,110,1,1,0,2.0,2.0,1.0,三層,5,湖下
480.0,20.4,23.48,75.24%,華廈(10層含以下有電梯),無,有,110,1,1,0,2.0,2.0,1.0,二層,5,湖下
477.0,20.5,23.26,75.19%,華廈(10層含以下有電梯),有,有,110,1,1,0,2.0,2.0,1.0,三層,5,湖下
800.0,15.0,53.19,66.06%,華廈(10層含以下有電梯),有,有,110,1,1,1,3.0,2.0,2.0,一層,3,前厝
400.0,23.9,16.76,80.95%,公寓(5樓含以下無電梯),無,無,110,1,1,0,2.0,1.0,1.0,三層,3,下埔下
850.0,15.6,54.45,92.87%,華廈(10層含以下有電梯),無,有,110,5,1,0,3.0,1.0,2.0,一層,1,湖下
450.0,23.8,18.89,74.83%,華廈(10層含以下有電梯),有,有,110,2,1,0,2.0,1.0,1.0,四層,4,湖下
507.0,21.8,23.3,78.63%,公寓(5樓含以下無電梯),無,無,110,1,3,0,1.0,1.0,1.0,二層,3,下堡
500.0,17.2,29.04,76.61%,華廈(10層含以下有電梯),無,有,110,1,1,0,3.0,2.0,2.0,三層,5,環島西路二段
750.0,17.8,42.22,58.09%,華廈(10層含以下有電梯),有,有,110,1,1,0,3.0,2.0,2.0,二層,3,東洲
620.0,20.9,29.74,81.29%,公寓(5樓含以下無電梯),無,無,110,1,2,0,3.0,2.0,2.0,三層,3,榜林
425.0,18.1,23.45,69.06%,華廈(10層含以下有電梯),無,有,110,2,1,0,2.0,2.0,2.0,四層,5,西山
425.0,17.2,24.78,76.62%,公寓(5樓含以下無電梯),有,無,110,1,1,0,2.0,2.0,2.0,三層,3,下堡
360.0,15.2,23.65,76.77%,公寓(5樓含以下無電梯),無,無,110,1,2,0,2.0,1.0,1.0,三層,3,湖下
210.0,21.9,9.57,79.58%,公寓(5樓含以下無電梯),無,無,110,1,1,0,1.0,1.0,1.0,三層,3,埔後
428.0,18.6,23.02,70.35%,華廈(10層含以下有電梯),無,有,110,2,1,0,2.0,2.0,2.0,四層,5,西山
360.0,16.0,22.44,80.94%,公寓(5樓含以下無電梯),無,無,110,1,2,0,2.0,1.0,1.0,一層,3,湖下
360.0,15.2,23.65,76.77%,公寓(5樓含以下無電梯),無,無,110,1,2,0,2.0,1.0,1.0,二層,3,湖下
560.0,17.4,32.12,76.01%,華廈(10層含以下有電梯),有,有,110,1,1,0,3.0,1.0,2.0,一層,5,中堡
380.0,22.2,17.12,82.75%,公寓(5樓含以下無電梯),無,無,110,1,2,0,2.0,1.0,2.0,二層,3,湖下
400.0,17.2,23.21,70.60%,華廈(10層含以下有電梯),無,有,110,2,1,0,2.0,2.0,2.0,三層,5,西山
215.0,20.3,10.58,64.24%,公寓(5樓含以下無電梯),無,無,110,1,1,0,,,,三層,3,頂埔下
510.0,14.9,34.2,71.88%,華廈(10層含以下有電梯),無,有,110,2,1,0,3.0,2.0,2.0,三層,5,西山
420.0,17.9,23.45,69.06%,華廈(10層含以下有電梯),無,有,110,2,1,0,2.0,2.0,2.0,二層,5,西山
407.0,22.5,18.07,77.44%,華廈(10層含以下有電梯),有,有,110,2,1,0,2.0,1.0,1.0,一層,4,湖下
407.0,21.4,19.04,73.28%,華廈(10層含以下有電梯),有,有,110,2,1,0,2.0,1.0,1.0,二層,4,湖下
407.0,21.4,19.05,73.29%,華廈(10層含以下有電梯),有,有,110,2,1,0,2.0,1.0,1.0,三層,4,湖下
650.0,22.6,28.76,88.84%,公寓(5樓含以下無電梯),無,無,110,2,1,0,2.0,2.0,2.0,一層,3,頂堡
550.0,21.4,25.74,89.25%,公寓(5樓含以下無電梯),無,無,110,1,1,0,3.0,2.0,2.0,一層,3,嚨口
430.0,18.8,22.86,81.67%,公寓(5樓含以下無電梯),無,無,110,1,1,0,3.0,2.0,2.0,一層,3,安岐
845.0,18.3,47.08,59.88%,華廈(10層含以下有電梯),無,有,110,1,1,1,3.0,2.0,2.0,二層,6,頂堡
425.0,19.2,22.15,83.00%,公寓(5樓含以下無電梯),無,無,110,1,1,0,2.0,1.0,2.0,二層,3,東堡
610.0,17.5,34.88,70.49%,華廈(10層含以下有電梯),無,有,110,2,1,0,3.0,2.0,2.0,三層,4,西山
590.0,12.1,48.67,71.32%,公寓(5樓含以下無電梯),無,無,110,1,1,1,3.0,1.0,2.0,二層,3,湖下
418.0,17.3,24.17,77.24%,公寓(5樓含以下無電梯),無,無,110,1,1,0,3.0,2.0,2.0,三層,3,安岐
1980.0,21.2,93.43,74.93%,華廈(10層含以下有電梯),有,有,110,2,6,0,2.0,1.0,1.0,三層,4,湖下
760.0,16.4,46.83,59.64%,華廈(10層含以下有電梯),無,有,110,1,1,1,3.0,2.0,2.0,五層,6,頂堡
312.8,15.0,20.85,77.09%,華廈(10層含以下有電梯),無,有,110,2,1,0,2.0,2.0,2.0,一層,5,西山
342.8,16.4,20.85,77.09%,華廈(10層含以下有電梯),無,有,110,2,1,0,2.0,2.0,2.0,一層,5,西山
750.0,17.5,42.92,59.90%,華廈(10層含以下有電梯),無,有,110,1,1,0,3.0,2.0,2.0,一層,6,頂堡
430.0,18.1,23.81,85.30%,公寓(5樓含以下無電梯),無,無,110,1,1,0,3.0,1.0,2.0,一層,3,西浦頭
600.0,20.7,29.04,76.61%,華廈(10層含以下有電梯),無,有,110,1,1,0,3.0,2.0,2.0,五層,5,環島西路二段
588.0,20.2,29.04,76.61%,華廈(10層含以下有電梯),無,有,110,1,1,0,3.0,2.0,2.0,四層,5,環島西路二段
460.0,18.3,25.18,81.89%,公寓(5樓含以下無電梯),無,無,110,1,1,0,2.0,2.0,1.0,二層,3,昔果山
510.0,21.3,23.99,92.28%,公寓(5樓含以下無電梯),無,無,110,1,1,0,3.0,2.0,2.0,一層,3,下堡
477.0,20.3,23.48,75.24%,華廈(10層含以下有電梯),有,有,110,1,1,0,2.0,2.0,1.0,三層,5,湖下
725.0,20.6,35.16,83.49%,華廈(10層含以下有電梯),無,有,110,3,1,0,3.0,1.0,3.0,四層,5,湖下
474.0,20.4,23.26,75.19%,華廈(10層含以下有電梯),有,有,110,1,1,0,2.0,2.0,1.0,二層,5,湖下
455.0,18.0,25.29,71.12%,華廈(10層含以下有電梯),無,有,110,2,1,0,3.0,2.0,2.0,三層,5,中堡
453.0,17.9,25.29,71.12%,華廈(10層含以下有電梯),無,有,110,2,1,0,3.0,2.0,2.0,四層,5,中堡
455.0,18.0,25.29,71.12%,華廈(10層含以下有電梯),無,有,110,2,1,0,3.0,2.0,2.0,二層,5,中堡
472.0,18.0,26.16,74.55%,華廈(10層含以下有電梯),無,有,110,2,1,0,3.0,2.0,2.0,四層,5,中堡
565.0,20.8,27.13,84.14%,華廈(10層含以下有電梯),無,有,110,1,1,0,3.0,2.0,2.0,一層,5,環島西路二段
535.0,18.4,29.09,77.66%,華廈(10層含以下有電梯),無,有,110,1,1,0,3.0,2.0,2.0,四層,5,環島西路二段
390.0,22.8,17.12,82.75%,公寓(5樓含以下無電梯),無,無,110,1,2,0,2.0,1.0,2.0,三層,3,湖下
685.0,27.0,25.42,88.98%,公寓(5樓含以下無電梯),無,無,110,3,1,0,3.0,2.0,2.0,三層,3,埔後
530.0,18.1,29.33,77.84%,華廈(10層含以下有電梯),無,有,110,1,1,0,3.0,2.0,2.0,四層,5,環島西路二段
540.0,18.4,29.33,77.84%,華廈(10層含以下有電梯),無,有,110,1,1,0,3.0,2.0,2.0,五層,5,環島西路二段
540.0,18.6,29.09,77.66%,華廈(10層含以下有電梯),無,有,110,1,1,0,3.0,2.0,2.0,三層,5,環島西路二段
540.0,18.6,29.09,77.66%,華廈(10層含以下有電梯),無,有,110,1,1,0,3.0,2.0,2.0,五層,5,環島西路二段
521.0,24.2,21.56,81.12%,華廈(10層含以下有電梯),有,有,110,1,1,0,2.0,2.0,1.0,一層,5,湖下
530.0,18.1,29.33,77.84%,華廈(10層含以下有電梯),無,有,110,1,1,0,3.0,2.0,2.0,三層,5,環島西路二段
530.0,18.1,29.33,77.84%,華廈(10層含以下有電梯),無,有,110,1,1,0,3.0,2.0,2.0,二層,5,環島西路二段
530.0,18.2,29.09,77.66%,華廈(10層含以下有電梯),無,有,110,1,1,0,3.0,2.0,2.0,二層,5,環島西路二段
550.0,20.4,26.9,84.00%,華廈(10層含以下有電梯),無,有,110,1,1,0,3.0,2.0,2.0,一層,5,環島西路二段
205.0,19.5,10.52,64.60%,公寓(5樓含以下無電梯),無,無,110,1,1,0,1.0,1.0,1.0,三層,3,頂埔下
455.0,17.4,26.21,83.66%,公寓(5樓含以下無電梯),無,無,110,1,1,0,3.0,2.0,2.0,二層,3,安岐
585.0,17.1,34.2,71.88%,華廈(10層含以下有電梯),無,有,110,2,1,0,3.0,2.0,2.0,二層,5,西山
780.0,16.8,47.08,59.88%,華廈(10層含以下有電梯),無,有,110,1,1,1,3.0,2.0,2.0,四層,6,頂堡
560.0,19.2,29.16,74.06%,華廈(10層含以下有電梯),有,有,110,1,1,0,3.0,2.0,2.0,二層,5,下堡
600.0,20.3,29.51,82.75%,公寓(5樓含以下無電梯),無,無,110,2,1,0,3.0,2.0,2.0,三層,3,安岐
450.0,23.8,18.89,74.83%,華廈(10層含以下有電梯),無,有,110,2,1,0,2.0,1.0,1.0,二層,4,湖下
472.0,18.6,25.35,70.95%,華廈(10層含以下有電梯),無,有,110,2,1,0,3.0,2.0,2.0,一層,5,中堡
418.0,17.3,24.17,77.24%,公寓(5樓含以下無電梯),無,無,110,1,1,0,3.0,2.0,2.0,二層,3,安岐
473.0,18.1,26.16,74.55%,華廈(10層含以下有電梯),無,有,110,2,1,0,3.0,2.0,2.0,二層,5,中堡
460.0,18.2,25.29,71.12%,華廈(10層含以下有電梯),無,有,110,2,1,0,3.0,2.0,2.0,五層,5,中堡
400.0,17.1,23.45,69.06%,華廈(10層含以下有電梯),無,有,110,2,1,0,2.0,2.0,2.0,三層,5,西山
540.0,23.0,23.48,75.24%,華廈(10層含以下有電梯),有,有,110,1,1,0,2.0,2.0,1.0,五層,5,湖下
575.0,16.5,34.88,70.49%,華廈(10層含以下有電梯),無,有,110,2,1,0,3.0,2.0,2.0,四層,4,西山
550.0,16.8,32.78,73.26%,華廈(10層含以下有電梯),無,有,110,1,1,0,3.0,2.0,2.0,二層,5,安岐
560.0,19.2,29.16,74.06%,華廈(10層含以下有電梯),無,有,110,1,1,0,3.0,2.0,2.0,二層,5,下堡
642.0,21.0,30.56,75.55%,華廈(10層含以下有電梯),無,有,110,1,1,0,3.0,2.0,2.0,三層,5,瓊安路
500.0,19.0,26.34,85.08%,公寓(5樓含以下無電梯),無,無,110,1,1,0,3.0,2.0,2.0,三層,3,下堡
250.0,20.9,11.98,45.65%,華廈(10層含以下有電梯),有,有,110,1,1,0,1.0,0.0,1.0,二層,3,埔邊
370.0,18.2,20.37,77.61%,華廈(10層含以下有電梯),無,有,110,1,1,0,2.0,2.0,2.0,二層,5,西堡
515.0,19.5,26.4,72.11%,華廈(10層含以下有電梯),無,有,110,1,1,0,3.0,2.0,2.0,二層,5,下堡
345.3,15.0,23.02,70.35%,華廈(10層含以下有電梯),無,有,110,2,1,0,2.0,2.0,2.0,二層,5,西山
800.0,17.2,47.08,59.88%,華廈(10層含以下有電梯),無,有,110,1,1,1,3.0,2.0,2.0,五層,6,頂堡
513.0,15.0,34.2,71.88%,華廈(10層含以下有電梯),無,有,110,2,1,0,3.0,2.0,2.0,四層,5,西山
348.6,15.0,23.24,70.53%,華廈(10層含以下有電梯),無,有,110,2,1,0,2.0,2.0,2.0,五層,5,西山
613.2,15.0,60.57,70.49%,華廈(10層含以下有電梯),無,有,110,2,1,3,3.0,2.0,2.0,二層,4,西山
427.5,15.0,28.5,67.98%,華廈(10層含以下有電梯),無,有,110,2,1,0,2.0,2.0,2.0,三層,4,西山
348.6,15.0,23.24,70.53%,華廈(10層含以下有電梯),無,有,110,2,1,0,2.0,2.0,2.0,四層,5,西山
351.8,15.0,23.45,69.06%,華廈(10層含以下有電梯),無,有,110,2,1,0,2.0,2.0,2.0,五層,5,西山
345.6,15.0,23.04,70.28%,華廈(10層含以下有電梯),無,有,110,2,1,0,2.0,2.0,2.0,五層,5,西山
408.2,15.0,41.88,70.59%,華廈(10層含以下有電梯),無,有,110,2,1,2,2.0,2.0,2.0,二層,5,西山
505.5,15.9,31.71,77.19%,華廈(10層含以下有電梯),無,有,110,2,1,0,3.0,2.0,2.0,一層,5,西山
345.3,15.0,23.02,70.35%,華廈(10層含以下有電梯),無,有,110,2,1,0,2.0,2.0,2.0,三層,5,西山
498.0,20.5,24.26,92.38%,華廈(10層含以下有電梯),無,有,110,1,1,0,3.0,2.0,2.0,一層,3,下堡
660.0,22.0,30.01,71.86%,華廈(10層含以下有電梯),無,有,110,1,1,0,3.0,2.0,2.0,一層,5,瓊安路
590.0,19.7,30.01,71.86%,華廈(10層含以下有電梯),無,有,110,1,1,0,3.0,2.0,2.0,二層,5,瓊安路
590.0,19.7,30.01,71.86%,華廈(10層含以下有電梯),無,有,110,1,1,0,3.0,2.0,2.0,四層,5,瓊安路
480.0,11.6,41.45,88.01%,公寓(5樓含以下無電梯),有,無,110,1,1,0,2.0,2.0,2.0,"一層,地下一層",3,下堡
770.0,21.9,35.16,83.49%,公寓(5樓含以下無電梯),無,無,110,3,1,0,3.0,1.0,3.0,一層,5,湖下
512.0,19.1,26.82,74.82%,華廈(10層含以下有電梯),無,有,110,1,1,0,3.0,2.0,2.0,二層,5,瓊安路
460.0,17.5,26.21,83.66%,公寓(5樓含以下無電梯),無,無,110,1,1,0,3.0,2.0,2.0,一層,3,安岐
493.0,17.9,27.52,82.09%,公寓(5樓含以下無電梯),無,無,110,2,1,0,3.0,2.0,2.0,二層,3,中堡
600.0,20.0,30.01,71.86%,華廈(10層含以下有電梯),無,有,110,1,1,0,3.0,2.0,2.0,三層,5,瓊安路
512.0,19.4,26.33,74.50%,華廈(10層含以下有電梯),無,有,110,3,1,0,3.0,2.0,2.0,一層,5,中堡
560.0,17.1,32.78,73.26%,華廈(10層含以下有電梯),無,有,110,1,1,0,3.0,2.0,2.0,四層,5,安岐
738.0,21.5,34.34,78.68%,華廈(10層含以下有電梯),無,有,110,2,1,0,3.0,2.0,2.0,五層,5,東坑
800.0,17.3,46.83,59.64%,華廈(10層含以下有電梯),無,有,110,1,1,1,3.0,2.0,2.0,二層,6,頂堡
512.0,18.6,27.52,82.09%,公寓(5樓含以下無電梯),無,無,110,3,1,0,3.0,2.0,2.0,三層,3,中堡
535.0,20.5,26.09,84.85%,公寓(5樓含以下無電梯),無,無,110,1,1,0,3.0,2.0,2.0,二層,3,下堡
450.0,18.2,24.77,82.59%,公寓(5樓含以下無電梯),無,無,110,1,1,0,2.0,2.0,1.0,三層,3,下埔下
235.0,21.7,10.82,63.06%,公寓(5樓含以下無電梯),有,無,110,1,1,0,1.0,1.0,1.0,一層,3,下堡
895.0,18.2,50.99,59.64%,華廈(10層含以下有電梯),無,有,110,1,1,2,3.0,2.0,2.0,六層,6,頂堡
835.0,18.1,47.08,59.88%,華廈(10層含以下有電梯),無,有,110,1,1,1,3.0,2.0,2.0,六層,6,頂堡
780.0,16.9,46.49,59.64%,華廈(10層含以下有電梯),無,有,110,1,1,1,3.0,2.0,2.0,四層,6,頂堡
780.0,16.9,46.83,59.64%,華廈(10層含以下有電梯),無,有,110,1,1,1,3.0,2.0,2.0,四層,6,頂堡
780.0,18.3,42.67,59.64%,華廈(10層含以下有電梯),無,有,110,1,1,0,3.0,2.0,2.0,六層,6,頂堡
560.0,17.1,32.78,73.26%,華廈(10層含以下有電梯),無,有,110,1,1,0,3.0,2.0,2.0,三層,5,安岐
515.0,22.1,23.26,75.19%,華廈(10層含以下有電梯),無,有,110,1,1,0,2.0,2.0,1.0,四層,5,湖下
650.0,19.3,33.65,83.19%,公寓(5樓含以下無電梯),有,無,110,1,1,0,3.0,2.0,2.0,二層,3,下埔下
800.0,17.2,47.08,59.88%,華廈(10層含以下有電梯),無,有,110,1,1,1,3.0,2.0,2.0,三層,6,頂堡
800.0,17.3,46.83,59.64%,華廈(10層含以下有電梯),無,有,110,1,1,1,3.0,2.0,2.0,三層,6,頂堡
645.0,23.3,27.63,79.56%,華廈(10層含以下有電梯),無,有,110,1,1,0,3.0,1.0,2.0,五層,5,西堡
465.0,23.8,19.52,77.32%,華廈(10層含以下有電梯),無,有,110,1,1,0,2.0,1.0,1.0,五層,5,西堡
750.0,21.3,35.16,83.49%,華廈(10層含以下有電梯),有,有,110,3,1,0,3.0,1.0,3.0,五層,5,湖下
369.0,18.1,20.37,77.61%,華廈(10層含以下有電梯),無,有,110,1,1,0,2.0,2.0,2.0,四層,5,西堡
460.0,17.5,26.21,83.66%,公寓(5樓含以下無電梯),無,無,110,1,1,0,3.0,2.0,2.0,三層,3,安岐
700.0,21.8,32.06,77.52%,華廈(10層含以下有電梯),無,有,110,1,1,0,3.0,2.0,2.0,三層,3,林湖路
600.0,14.5,41.29,63.81%,公寓(5樓含以下無電梯),無,無,110,2,1,1,3.0,1.0,2.0,一層,3,湖下
585.0,20.9,28.05,73.95%,華廈(10層含以下有電梯),無,有,110,1,1,0,3.0,2.0,2.0,四層,5,湖下
500.0,22.3,22.47,90.90%,公寓(5樓含以下無電梯),無,無,110,1,1,0,3.0,1.0,2.0,一層,3,湖南
260.0,24.7,10.52,64.60%,華廈(10層含以下有電梯),無,有,110,1,1,0,1.0,1.0,1.0,二層,3,頂埔下
490.0,19.2,25.47,88.69%,公寓(5樓含以下無電梯),無,無,110,2,1,0,3.0,2.0,2.0,一層,3,中堡
480.0,19.8,24.29,72.95%,華廈(10層含以下有電梯),無,有,110,1,1,0,3.0,2.0,2.0,二層,5,下堡
518.0,18.6,27.92,82.08%,公寓(5樓含以下無電梯),無,無,110,3,1,0,3.0,2.0,2.0,三層,3,中堡
575.0,19.8,29.28,72.93%,華廈(10層含以下有電梯),無,有,110,1,1,1,3.0,2.0,2.0,二層,5,下堡
430.0,17.4,24.78,76.62%,公寓(5樓含以下無電梯),有,無,110,1,1,0,2.0,2.0,2.0,三層,3,下堡
477.0,20.5,23.26,75.19%,公寓(5樓含以下無電梯),無,無,110,1,1,0,2.0,2.0,1.0,三層,5,湖下
385.0,18.0,21.38,74.03%,華廈(10層含以下有電梯),無,有,110,1,1,0,2.0,2.0,1.0,四層,5,安岐
446.0,29.4,15.19,89.27%,公寓(5樓含以下無電梯),無,無,110,1,1,0,2.0,1.0,1.0,一層,3,下埔下
425.0,17.6,24.22,83.54%,公寓(5樓含以下無電梯),無,無,110,1,1,0,3.0,1.0,2.0,三層,3,安岐
525.0,24.1,21.77,81.10%,華廈(10層含以下有電梯),無,有,110,1,1,0,2.0,2.0,1.0,一層,5,湖下
540.0,23.2,23.26,75.19%,華廈(10層含以下有電梯),無,有,110,1,1,0,2.0,2.0,1.0,五層,5,湖下
490.0,21.1,23.26,75.19%,華廈(10層含以下有電梯),無,有,110,1,1,0,2.0,2.0,1.0,五層,5,湖下
700.0,21.8,32.1,77.74%,華廈(10層含以下有電梯),無,有,110,1,1,0,3.0,2.0,2.0,三層,5,下埔下
880.0,25.1,35.05,86.74%,公寓(5樓含以下無電梯),無,無,110,1,1,0,3.0,2.0,2.0,一層,3,榜林
522.0,19.9,26.23,75.31%,華廈(10層含以下有電梯),無,有,110,1,1,0,3.0,2.0,2.0,五層,5,下堡
485.0,20.0,24.29,72.95%,華廈(10層含以下有電梯),無,有,110,1,1,0,3.0,2.0,2.0,三層,5,下堡
728.0,20.1,36.2,83.99%,公寓(5樓含以下無電梯),無,無,110,1,1,0,3.0,2.0,2.0,二層,3,榜林
643.0,23.0,28.08,65.96%,華廈(10層含以下有電梯),無,有,110,1,1,1,3.0,2.0,2.0,一層,5,下堡
510.0,18.5,27.63,79.56%,華廈(10層含以下有電梯),無,有,110,1,1,0,3.0,2.0,2.0,三層,5,西堡
515.0,20.1,25.64,72.53%,華廈(10層含以下有電梯),無,有,110,1,1,1,3.0,2.0,2.0,三層,5,下堡
720.0,22.9,31.47,79.49%,華廈(10層含以下有電梯),無,有,110,2,1,0,3.0,2.0,2.0,二層,3,林湖路
675.0,21.1,32.06,77.52%,華廈(10層含以下有電梯),無,有,110,2,1,0,3.0,2.0,2.0,二層,3,林湖路
410.0,17.6,23.28,82.98%,公寓(5樓含以下無電梯),無,無,110,1,1,0,3.0,0.0,3.0,三層,3,頂埔下
517.0,19.7,26.23,75.31%,華廈(10層含以下有電梯),無,有,110,1,1,0,3.0,2.0,2.0,四層,5,下堡
570.0,20.3,28.05,73.95%,華廈(10層含以下有電梯),無,有,110,1,1,0,3.0,2.0,2.0,二層,5,湖下
650.0,17.8,36.47,71.34%,公寓(5樓含以下無電梯),無,無,110,1,1,0,3.0,2.0,2.0,二層,3,下堡
481.0,19.8,24.29,72.95%,華廈(10層含以下有電梯),無,有,110,1,1,0,3.0,2.0,2.0,四層,5,下堡
474.0,20.3,23.33,72.54%,華廈(10層含以下有電梯),無,有,110,1,1,0,3.0,1.0,2.0,五層,5,下堡
463.0,19.8,23.33,72.54%,華廈(10層含以下有電梯),無,有,110,1,1,0,3.0,1.0,2.0,四層,5,下堡
600.0,23.4,25.69,79.40%,公寓(5樓含以下無電梯),有,無,110,1,2,0,3.0,1.0,2.0,二層,3,東洲
640.0,21.5,29.74,81.28%,公寓(5樓含以下無電梯),無,無,110,1,2,0,3.0,1.0,2.0,一層,3,榜林
548.0,20.6,26.59,72.94%,華廈(10層含以下有電梯),無,有,110,1,1,1,3.0,2.0,2.0,五層,5,下堡
198.0,28.4,6.98,80.40%,公寓(5樓含以下無電梯),無,無,110,1,1,0,1.0,0.0,1.0,一層,3,下堡
388.0,18.4,21.1,74.90%,華廈(10層含以下有電梯),無,有,110,1,1,0,2.0,2.0,1.0,二層,5,安岐
600.0,23.4,25.69,79.40%,公寓(5樓含以下無電梯),有,無,110,1,2,0,3.0,1.0,2.0,三層,3,東洲
165.0,23.3,7.09,74.93%,公寓(5樓含以下無電梯),無,無,109,1,1,0,1.0,0.0,1.0,二層,3,下堡
490.0,18.0,27.2,80.11%,公寓(5樓含以下無電梯),無,無,109,1,2,0,2.0,2.0,2.0,二層,3,湖下
505.0,18.6,27.2,80.11%,公寓(5樓含以下無電梯),無,無,109,1,2,0,2.0,2.0,2.0,三層,3,湖下
250.0,18.9,13.25,71.32%,公寓(5樓含以下無電梯),無,無,109,1,2,0,1.0,1.0,1.0,三層,3,湖下
400.0,17.2,23.28,82.98%,公寓(5樓含以下無電梯),無,無,109,1,1,0,3.0,0.0,3.0,二層,3,頂埔下
350.0,17.9,19.52,77.32%,華廈(10層含以下有電梯),無,有,109,1,1,0,2.0,1.0,1.0,二層,5,西堡
780.0,22.0,35.38,83.59%,華廈(10層含以下有電梯),有,有,109,3,1,0,3.0,1.0,3.0,一層,5,湖下
730.0,20.6,35.38,83.59%,華廈(10層含以下有電梯),有,有,109,3,1,0,3.0,1.0,3.0,五層,5,湖下
370.0,17.5,21.1,74.90%,華廈(10層含以下有電梯),無,有,109,1,1,0,2.0,2.0,1.0,三層,5,安岐
695.0,21.6,32.1,77.74%,華廈(10層含以下有電梯),無,有,109,1,1,0,3.0,2.0,2.0,四層,5,下埔下
550.0,19.6,28.05,73.95%,華廈(10層含以下有電梯),無,有,109,1,1,0,3.0,2.0,2.0,二層,5,湖下
390.0,18.5,21.1,74.90%,華廈(10層含以下有電梯),無,有,109,1,1,0,2.0,2.0,1.0,四層,5,安岐
460.0,17.4,26.51,78.57%,公寓(5樓含以下無電梯),無,無,109,1,1,0,3.0,2.0,2.0,三層,3,安岐
790.0,17.0,47.08,59.88%,華廈(10層含以下有電梯),無,有,109,1,1,1,3.0,2.0,2.0,四層,6,頂堡
750.0,11.8,63.58,75.63%,公寓(5樓含以下無電梯),無,無,109,1,2,0,,,,一層,3,伯玉路二段
686.0,16.0,42.8,57.74%,公寓(5樓含以下無電梯),無,無,109,1,1,1,3.0,2.0,2.0,三層,3,東洲
620.0,18.8,33.06,84.71%,華廈(10層含以下有電梯),有,有,109,1,1,0,3.0,1.0,2.0,一層,5,安岐
724.0,22.6,32.1,77.74%,華廈(10層含以下有電梯),無,有,109,1,1,0,3.0,2.0,2.0,五層,5,下埔下
590.0,19.0,31.0,78.47%,華廈(10層含以下有電梯),無,有,109,1,1,0,3.0,2.0,2.0,二層,5,安岐
535.0,18.8,28.46,88.32%,公寓(5樓含以下無電梯),無,無,109,1,1,0,3.0,2.0,2.0,一層,3,昔果山
693.0,21.6,32.1,77.74%,華廈(10層含以下有電梯),無,有,109,1,1,0,3.0,2.0,2.0,二層,5,下埔下
455.0,19.7,23.14,73.64%,華廈(10層含以下有電梯),無,有,109,1,1,0,2.0,2.0,1.0,四層,5,湖下
560.0,20.0,28.05,73.95%,華廈(10層含以下有電梯),無,有,109,1,1,0,3.0,2.0,2.0,三層,5,湖下
550.0,19.6,28.05,73.95%,華廈(10層含以下有電梯),無,有,109,1,1,0,3.0,2.0,2.0,四層,5,湖下
450.0,19.4,23.14,73.64%,華廈(10層含以下有電梯),無,有,109,1,1,0,2.0,2.0,1.0,四層,5,湖下
460.0,20.0,23.05,73.44%,華廈(10層含以下有電梯),無,有,109,1,1,0,2.0,2.0,1.0,一層,5,湖下
475.0,20.5,23.14,73.64%,華廈(10層含以下有電梯),無,有,109,1,1,0,2.0,2.0,1.0,二層,5,湖下
462.0,20.0,23.14,73.64%,華廈(10層含以下有電梯),無,有,109,1,1,0,2.0,2.0,1.0,五層,5,湖下
472.0,20.4,23.14,73.64%,華廈(10層含以下有電梯),無,有,109,1,1,0,2.0,2.0,1.0,三層,5,湖下
560.0,20.0,28.05,73.95%,華廈(10層含以下有電梯),無,有,109,1,1,0,3.0,2.0,2.0,四層,5,湖下
605.0,17.2,35.16,83.49%,華廈(10層含以下有電梯),有,有,109,3,1,0,3.0,1.0,3.0,二層,5,湖下
605.0,17.1,35.38,83.59%,華廈(10層含以下有電梯),有,有,109,3,1,0,3.0,1.0,3.0,二層,5,湖下
686.0,19.4,35.38,83.59%,華廈(10層含以下有電梯),有,有,109,3,1,0,3.0,1.0,3.0,三層,5,湖下
530.0,19.2,27.63,79.56%,華廈(10層含以下有電梯),無,有,109,1,1,0,3.0,2.0,2.0,四層,5,西堡
680.0,20.1,33.87,82.99%,公寓(5樓含以下無電梯),無,無,109,1,2,0,3.0,2.0,2.0,三層,3,頂堡
500.0,26.5,18.89,74.83%,華廈(10層含以下有電梯),無,有,109,2,1,0,2.0,1.0,1.0,三層,4,湖下
480.0,17.4,27.63,79.56%,華廈(10層含以下有電梯),無,有,109,1,1,0,3.0,2.0,2.0,二層,5,西堡
720.0,23.2,30.99,80.36%,華廈(10層含以下有電梯),無,有,109,1,1,0,3.0,2.0,2.0,一層,5,下埔下
603.0,17.1,35.34,77.79%,公寓(5樓含以下無電梯),無,無,109,2,2,0,2.0,2.0,2.0,三層,3,頂堡
630.0,17.5,35.95,71.11%,公寓(5樓含以下無電梯),無,無,109,1,1,0,3.0,2.0,2.0,三層,3,頂堡
462.0,17.4,26.51,78.57%,公寓(5樓含以下無電梯),無,無,109,1,1,0,3.0,2.0,2.0,二層,3,安岐
710.0,20.3,35.05,81.22%,公寓(5樓含以下無電梯),無,無,109,1,1,0,3.0,2.0,3.0,"三層,見其他登記事項",3,湖南
368.0,18.8,19.52,77.32%,華廈(10層含以下有電梯),無,有,109,1,1,0,2.0,2.0,1.0,三層,5,西堡
520.0,19.7,26.34,85.08%,公寓(5樓含以下無電梯),無,無,109,1,1,0,3.0,2.0,2.0,二層,3,下堡
465.0,17.5,26.51,78.57%,公寓(5樓含以下無電梯),無,無,109,1,1,0,3.0,2.0,2.0,一層,3,安岐
715.0,18.6,38.4,80.42%,華廈(10層含以下有電梯),無,有,109,2,1,0,3.0,2.0,2.0,二層,5,下后垵
525.0,18.7,28.03,81.94%,公寓(5樓含以下無電梯),無,無,109,1,1,0,3.0,2.0,2.0,三層,3,嚨口
700.0,19.9,35.16,83.49%,華廈(10層含以下有電梯),有,有,109,3,1,0,3.0,1.0,2.0,三層,5,湖下
725.0,20.5,35.38,83.59%,華廈(10層含以下有電梯),有,有,109,3,1,0,3.0,1.0,3.0,四層,5,湖下
525.0,18.7,28.03,81.94%,公寓(5樓含以下無電梯),無,無,109,1,1,0,3.0,2.0,2.0,三層,3,嚨口
550.0,18.3,30.08,78.01%,公寓(5樓含以下無電梯),無,無,109,1,2,0,3.0,2.0,2.0,二層,3,安岐
790.0,21.4,36.91,83.17%,公寓(5樓含以下無電梯),無,無,109,2,2,0,3.0,2.0,2.0,一層,3,東坑
650.0,19.1,34.1,78.36%,華廈(10層含以下有電梯),無,有,109,3,1,0,3.0,2.0,2.0,二層,5,湖南
630.0,18.5,34.1,78.36%,華廈(10層含以下有電梯),無,有,109,3,1,0,3.0,2.0,2.0,二層,5,湖南
750.0,22.0,34.1,78.36%,華廈(10層含以下有電梯),無,有,109,3,1,0,3.0,2.0,2.0,一層,5,湖南
670.0,19.6,34.1,78.36%,華廈(10層含以下有電梯),無,有,109,3,1,0,3.0,2.0,2.0,四層,5,湖南
620.0,18.2,34.1,78.36%,華廈(10層含以下有電梯),無,有,109,3,1,0,3.0,2.0,2.0,三層,5,湖南
750.0,22.0,34.1,78.36%,華廈(10層含以下有電梯),無,有,109,3,1,0,3.0,2.0,2.0,五層,5,湖南
617.0,18.1,34.1,78.36%,華廈(10層含以下有電梯),無,有,109,3,1,0,3.0,2.0,2.0,三層,5,湖南
670.0,19.6,34.1,78.36%,華廈(10層含以下有電梯),無,有,109,3,1,0,3.0,2.0,2.0,四層,5,湖南
730.0,21.4,34.1,78.36%,華廈(10層含以下有電梯),無,有,109,3,1,0,3.0,2.0,2.0,五層,5,湖南
650.0,19.1,34.1,78.36%,華廈(10層含以下有電梯),無,有,109,3,1,0,3.0,2.0,2.0,一層,5,湖南
613.4,18.0,34.1,78.36%,華廈(10層含以下有電梯),無,有,109,3,1,0,3.0,2.0,2.0,三層,5,湖南
728.0,21.4,34.1,78.36%,華廈(10層含以下有電梯),無,有,109,3,1,0,3.0,2.0,2.0,五層,5,湖南
700.0,20.5,34.1,78.36%,華廈(10層含以下有電梯),無,有,109,3,1,0,3.0,2.0,2.0,二層,5,湖南
660.0,19.4,34.1,78.36%,華廈(10層含以下有電梯),無,有,109,3,1,0,3.0,2.0,2.0,四層,5,湖南
660.0,19.4,34.1,78.36%,華廈(10層含以下有電梯),無,有,109,3,1,0,3.0,2.0,2.0,二層,5,湖南
655.0,19.2,34.1,78.36%,華廈(10層含以下有電梯),無,有,109,3,1,0,3.0,2.0,2.0,四層,5,湖南
600.0,17.6,34.1,78.36%,華廈(10層含以下有電梯),無,有,109,2,1,0,3.0,2.0,2.0,三層,5,湖南
700.0,20.5,34.1,78.36%,華廈(10層含以下有電梯),無,有,109,3,1,0,3.0,2.0,2.0,一層,5,湖南
455.0,16.2,28.03,81.94%,公寓(5樓含以下無電梯),無,無,109,1,1,0,3.0,2.0,2.0,二層,3,嚨口
468.0,16.7,28.03,81.96%,公寓(5樓含以下無電梯),無,無,109,1,1,0,3.0,2.0,2.0,二層,3,嚨口
670.0,15.8,42.36,70.77%,公寓(5樓含以下無電梯),有,無,109,1,1,1,3.0,2.0,2.0,三層,3,下堡
730.0,19.0,38.4,80.42%,華廈(10層含以下有電梯),無,有,109,2,1,0,3.0,2.0,2.0,三層,5,下后垵
480.0,18.7,25.74,89.25%,公寓(5樓含以下無電梯),無,無,109,1,1,0,3.0,2.0,2.0,一層,3,嚨口
528.0,15.2,34.74,75.59%,公寓(5樓含以下無電梯),無,無,109,1,2,0,3.0,1.0,4.0,二層,3,環島西路二段
535.0,15.4,34.83,80.40%,華廈(10層含以下有電梯),無,有,109,1,1,0,3.0,2.0,2.0,三層,5,安岐
560.0,16.1,34.83,80.40%,華廈(10層含以下有電梯),無,有,109,1,1,0,3.0,2.0,2.0,四層,5,安岐
415.0,24.7,16.81,92.01%,公寓(5樓含以下無電梯),無,無,109,1,1,0,2.0,2.0,1.0,一層,3,湖下
585.0,19.7,29.75,86.54%,公寓(5樓含以下無電梯),無,無,109,2,1,0,3.0,2.0,2.0,二層,3,頂堡
600.0,17.9,33.43,76.64%,公寓(5樓含以下無電梯),無,無,109,1,2,0,3.0,2.0,2.0,二層,3,頂埔下
430.0,28.3,15.2,89.27%,公寓(5樓含以下無電梯),無,無,109,1,1,0,2.0,1.0,1.0,一層,3,下埔下
430.0,14.8,29.08,82.75%,公寓(5樓含以下無電梯),無,無,109,1,1,0,3.0,2.0,2.0,二層,3,西浦頭
430.0,14.8,29.08,82.75%,公寓(5樓含以下無電梯),無,無,109,1,1,0,3.0,2.0,2.0,二層,3,西浦頭
380.0,17.6,21.63,74.07%,華廈(10層含以下有電梯),無,有,109,1,1,0,2.0,2.0,1.0,二層,5,安岐
590.0,21.8,27.05,79.28%,公寓(5樓含以下無電梯),無,無,109,2,1,0,3.0,2.0,2.0,四層,5,下埔下
418.0,16.5,25.38,77.93%,華廈(10層含以下有電梯),無,有,109,2,1,0,3.0,2.0,2.0,一層,5,西山
480.0,18.7,25.74,89.25%,公寓(5樓含以下無電梯),無,無,109,1,1,0,3.0,2.0,2.0,一層,3,嚨口
410.0,18.3,22.46,80.47%,公寓(5樓含以下無電梯),無,無,109,1,1,0,2.0,1.0,2.0,三層,5,安岐
635.0,12.7,50.07,64.27%,公寓(5樓含以下無電梯),無,無,109,1,1,1,3.0,2.0,2.0,二層,3,前厝
550.0,15.8,34.74,75.59%,公寓(5樓含以下無電梯),無,無,109,1,2,0,3.0,1.0,4.0,三層,3,環島西路二段
790.0,17.7,44.55,71.48%,公寓(5樓含以下無電梯),無,無,109,1,1,1,3.0,2.0,2.0,三層,3,下堡
540.0,15.5,34.83,80.40%,華廈(10層含以下有電梯),無,有,109,1,1,0,3.0,2.0,2.0,二層,5,安岐
570.0,16.4,34.83,80.40%,華廈(10層含以下有電梯),無,有,109,1,1,0,2.0,2.0,2.0,五層,5,安岐
560.0,16.1,34.83,80.40%,華廈(10層含以下有電梯),無,有,109,1,1,0,3.0,2.0,2.0,四層,5,安岐
580.0,16.7,34.83,80.40%,華廈(10層含以下有電梯),無,有,109,1,1,0,3.0,2.0,2.0,五層,5,安岐
570.0,16.4,34.83,80.40%,華廈(10層含以下有電梯),無,有,109,1,1,0,3.0,2.0,2.0,三層,5,安岐
480.0,16.5,29.08,82.75%,公寓(5樓含以下無電梯),無,無,109,1,1,0,3.0,2.0,2.0,三層,3,西浦頭
540.0,18.0,30.08,78.01%,公寓(5樓含以下無電梯),無,無,109,1,2,0,3.0,2.0,2.0,三層,3,安岐
385.0,18.0,21.38,74.03%,華廈(10層含以下有電梯),無,有,109,1,1,0,2.0,2.0,1.0,三層,5,安岐
748.0,24.7,30.28,89.92%,公寓(5樓含以下無電梯),無,無,109,2,1,0,3.0,2.0,2.0,一層,3,東洲
625.0,21.5,29.09,86.19%,公寓(5樓含以下無電梯),無,無,109,1,1,0,3.0,2.0,2.0,二層,3,湖下
455.0,15.9,28.56,75.13%,華廈(10層含以下有電梯),無,有,109,2,1,0,3.0,2.0,2.0,二層,5,西山
205.0,24.1,8.49,79.34%,公寓(5樓含以下無電梯),無,無,109,1,1,0,1.0,1.0,1.0,二層,3,下堡
350.0,17.9,19.52,77.32%,華廈(10層含以下有電梯),無,有,109,1,1,0,2.0,2.0,1.0,四層,5,西堡
445.0,16.3,27.37,72.27%,華廈(10層含以下有電梯),無,有,109,2,1,0,3.0,2.0,2.0,二層,5,西山
450.0,16.4,27.41,72.17%,華廈(10層含以下有電梯),無,有,109,2,1,0,3.0,2.0,2.0,五層,5,西山
720.0,19.9,36.12,87.84%,公寓(5樓含以下無電梯),無,無,109,2,1,0,3.0,2.0,3.0,二層,3,仁愛新
770.0,23.0,33.52,83.39%,公寓(5樓含以下無電梯),無,無,109,1,1,0,2.0,2.0,2.0,二層,3,埔邊
425.0,19.0,22.42,85.38%,公寓(5樓含以下無電梯),無,無,109,1,1,0,2.0,1.0,2.0,一層,3,頂堡
380.0,17.8,21.38,74.03%,華廈(10層含以下有電梯),無,有,109,1,1,0,2.0,2.0,1.0,二層,5,安岐
400.0,26.4,15.15,89.26%,公寓(5樓含以下無電梯),無,無,109,1,1,0,2.0,1.0,1.0,一層,3,下埔下
460.0,20.2,22.74,89.98%,公寓(5樓含以下無電梯),無,無,109,1,1,0,3.0,2.0,2.0,一層,3,下埔下
395.0,21.8,18.11,85.42%,公寓(5樓含以下無電梯),無,無,109,1,1,0,2.0,1.0,1.0,三層,3,湖下
390.0,21.5,18.11,85.42%,公寓(5樓含以下無電梯),無,無,109,1,1,0,2.0,1.0,1.0,二層,3,湖下
630.0,17.7,35.63,74.25%,公寓(5樓含以下無電梯),無,無,109,2,1,0,3.0,2.0,2.0,三層,3,頂堡
730.0,19.4,37.58,80.47%,華廈(10層含以下有電梯),無,有,109,2,1,0,3.0,2.0,2.0,一層,5,下后垵
600.0,21.7,27.7,87.89%,公寓(5樓含以下無電梯),無,無,109,2,1,0,3.0,2.0,2.0,二層,3,安岐
730.0,20.0,36.5,79.80%,華廈(10層含以下有電梯),無,有,109,2,1,0,3.0,2.0,2.0,二層,5,下后垵
382.8,18.1,21.15,74.72%,華廈(10層含以下有電梯),無,有,109,1,1,0,2.0,2.0,1.0,五層,5,安岐
750.0,23.8,31.47,79.49%,華廈(10層含以下有電梯),無,有,109,2,1,0,3.0,2.0,2.0,三層,3,林湖路
550.0,19.9,27.63,79.56%,華廈(10層含以下有電梯),無,有,109,1,1,0,3.0,1.0,2.0,一層,5,西堡
510.0,11.5,44.33,59.45%,公寓(5樓含以下無電梯),無,無,109,2,1,1,3.0,2.0,2.0,三層,3,湖下
195.0,20.4,9.57,64.88%,公寓(5樓含以下無電梯),無,無,109,1,1,0,1.0,1.0,1.0,一層,3,下堡
550.0,15.8,34.74,75.59%,公寓(5樓含以下無電梯),無,無,109,1,1,0,3.0,1.0,4.0,二層,3,環島西路二段
438.0,19.5,22.42,85.38%,公寓(5樓含以下無電梯),無,無,109,1,1,0,2.0,1.0,2.0,一層,3,頂堡
800.0,25.0,32.05,78.77%,華廈(10層含以下有電梯),無,無,109,1,1,0,3.0,2.0,2.0,一層,5,下堡
725.0,22.6,32.05,78.77%,華廈(10層含以下有電梯),無,無,109,1,1,0,3.0,2.0,2.0,二層,5,下堡
725.0,22.6,32.05,78.77%,華廈(10層含以下有電梯),無,無,109,1,1,0,3.0,2.0,2.0,三層,5,下堡
715.0,22.3,32.05,78.77%,華廈(10層含以下有電梯),無,無,109,1,1,0,3.0,2.0,2.0,四層,5,下堡
735.0,22.9,32.05,78.77%,華廈(10層含以下有電梯),無,無,109,1,1,0,3.0,2.0,2.0,五層,5,下堡
725.0,22.6,32.05,78.77%,華廈(10層含以下有電梯),無,無,109,1,1,0,3.0,2.0,2.0,二層,5,下堡
800.0,25.0,32.05,78.77%,華廈(10層含以下有電梯),無,無,109,1,1,0,3.0,2.0,2.0,一層,5,下堡
725.0,22.6,32.05,78.77%,華廈(10層含以下有電梯),無,無,109,1,1,0,3.0,2.0,2.0,三層,5,下堡
715.0,22.3,32.05,78.77%,華廈(10層含以下有電梯),無,無,109,1,1,0,3.0,2.0,2.0,四層,5,下堡
735.0,22.9,32.05,78.77%,華廈(10層含以下有電梯),無,無,109,1,1,0,3.0,2.0,2.0,五層,5,下堡
415.0,24.8,16.7,80.89%,公寓(5樓含以下無電梯),無,無,109,1,1,0,2.0,1.0,1.0,三層,3,下埔下
415.0,24.8,16.76,80.94%,公寓(5樓含以下無電梯),無,無,109,1,1,0,2.0,1.0,1.0,三層,3,下埔下
375.0,19.2,19.48,81.11%,華廈(10層含以下有電梯),無,有,109,1,1,0,2.0,2.0,1.0,一層,5,安岐
450.0,23.8,18.93,85.81%,公寓(5樓含以下無電梯),無,無,109,1,1,0,2.0,2.0,2.0,二層,3,仁愛新
550.0,15.8,34.74,75.59%,公寓(5樓含以下無電梯),無,無,109,1,1,0,3.0,1.0,4.0,三層,3,環島西路二段
380.0,16.7,22.77,84.23%,公寓(5樓含以下無電梯),無,無,109,1,1,0,2.0,1.0,1.0,二層,3,西浦頭
760.0,17.9,42.47,58.08%,華廈(10層含以下有電梯),無,無,109,1,1,0,3.0,2.0,2.0,一層,3,東洲
350.0,16.4,21.4,87.72%,公寓(5樓含以下無電梯),無,無,109,1,1,0,2.0,2.0,2.0,二層,3,東堡
650.0,22.3,29.09,86.19%,公寓(5樓含以下無電梯),無,無,109,1,1,0,3.0,2.0,2.0,一層,3,湖下
540.0,19.8,27.22,81.71%,華廈(10層含以下有電梯),無,無,109,1,1,0,3.0,2.0,2.0,一層,4,瓊安路
510.0,19.0,26.84,81.77%,華廈(10層含以下有電梯),無,無,109,1,1,0,3.0,2.0,2.0,三層,4,瓊安路
520.0,19.4,26.84,81.77%,華廈(10層含以下有電梯),無,無,109,1,1,0,3.0,2.0,2.0,四層,4,瓊安路
400.0,23.9,16.71,80.90%,公寓(5樓含以下無電梯),無,無,109,1,1,0,2.0,1.0,1.0,二層,3,下埔下
396.0,23.6,16.76,80.94%,公寓(5樓含以下無電梯),無,無,109,1,1,0,2.0,1.0,1.0,二層,3,下埔下
395.0,18.3,21.63,74.07%,華廈(10層含以下有電梯),無,有,109,1,1,0,2.0,2.0,1.0,四層,5,安岐
510.0,18.7,27.22,81.71%,華廈(10層含以下有電梯),無,無,109,1,1,0,3.0,2.0,2.0,三層,4,瓊安路
520.0,19.1,27.22,81.71%,華廈(10層含以下有電梯),無,無,109,1,1,0,3.0,2.0,2.0,四層,4,瓊安路
510.0,18.7,27.22,81.71%,華廈(10層含以下有電梯),無,無,109,1,1,0,3.0,2.0,2.0,二層,4,瓊安路
510.0,21.3,23.99,92.28%,公寓(5樓含以下無電梯),無,無,109,1,1,0,3.0,2.0,2.0,一層,3,下堡
535.0,20.5,26.07,84.93%,公寓(5樓含以下無電梯),無,無,109,1,1,0,3.0,2.0,2.0,三層,3,下堡
620.0,20.9,29.74,81.29%,公寓(5樓含以下無電梯),無,無,109,1,1,0,3.0,2.0,2.0,二層,3,榜林
420.0,19.6,21.4,87.72%,公寓(5樓含以下無電梯),無,無,109,1,1,0,3.0,2.0,2.0,三層,3,東堡
605.0,19.4,31.2,65.18%,公寓(5樓含以下無電梯),無,無,109,1,1,0,3.0,2.0,2.0,三層,3,東坑
335.0,17.1,19.65,81.00%,公寓(5樓含以下無電梯),無,無,109,1,1,0,2.0,1.0,1.0,二層,3,安岐
540.0,18.8,28.7,72.96%,華廈(10層含以下有電梯),無,無,109,1,1,0,3.0,2.0,2.0,五層,5,安岐
380.0,16.0,23.82,80.36%,公寓(5樓含以下無電梯),無,無,109,1,1,0,2.0,1.0,2.0,二層,3,頂堡
480.0,20.2,23.82,80.36%,公寓(5樓含以下無電梯),無,無,109,1,1,0,2.0,1.0,2.0,三層,3,頂堡
480.0,20.2,23.82,80.36%,公寓(5樓含以下無電梯),無,無,109,1,1,0,2.0,1.0,2.0,三層,3,頂堡
380.0,19.3,19.74,80.18%,華廈(10層含以下有電梯),無,有,109,1,1,0,2.0,2.0,1.0,一層,5,安岐
580.0,14.9,38.88,91.28%,公寓(5樓含以下無電梯),無,無,109,1,1,0,4.0,2.0,2.0,"一層,地下一層",3,下堡
396.0,23.7,16.7,80.89%,公寓(5樓含以下無電梯),無,無,109,1,1,0,2.0,1.0,1.0,二層,3,下埔下
210.0,19.2,10.91,80.21%,公寓(5樓含以下無電梯),無,無,109,1,1,0,1.0,1.0,1.0,二層,3,下堡
403.0,16.7,24.07,81.54%,公寓(5樓含以下無電梯),無,無,109,1,1,0,3.0,2.0,2.0,三層,3,西浦頭
495.0,18.8,26.4,72.11%,華廈(10層含以下有電梯),無,有,109,1,1,0,3.0,2.0,2.0,四層,5,下堡
543.0,18.6,29.16,74.06%,華廈(10層含以下有電梯),無,有,109,1,1,0,3.0,2.0,2.0,四層,5,下堡
450.0,29.7,15.14,89.25%,公寓(5樓含以下無電梯),無,無,109,1,1,0,2.0,1.0,1.0,一層,3,下埔下
838.0,19.4,43.1,68.54%,公寓(5樓含以下無電梯),無,無,109,1,1,0,4.0,0.0,4.0,二層,3,下堡
480.0,16.5,29.05,81.46%,公寓(5樓含以下無電梯),無,無,108,1,1,0,3.0,2.0,2.0,三層,3,下堡
560.0,12.7,44.17,59.28%,公寓(5樓含以下無電梯),無,無,108,2,1,1,3.0,2.0,2.0,三層,3,湖下
550.0,19.1,31.85,72.11%,華廈(10層含以下有電梯),無,有,108,1,1,1,3.0,2.0,2.0,五層,5,下堡
538.0,18.6,31.85,72.11%,華廈(10層含以下有電梯),無,有,108,1,1,1,3.0,2.0,2.0,三層,5,下堡
560.0,18.9,32.66,72.56%,華廈(10層含以下有電梯),無,有,108,1,1,1,3.0,2.0,2.0,五層,5,下堡
515.0,19.4,26.58,72.05%,華廈(10層含以下有電梯),無,有,108,1,1,0,3.0,2.0,2.0,一層,5,下堡
500.0,18.4,27.21,72.56%,華廈(10層含以下有電梯),無,有,108,1,1,0,3.0,2.0,2.0,三層,5,下堡
500.0,18.4,27.21,72.56%,華廈(10層含以下有電梯),無,有,108,1,1,0,3.0,2.0,2.0,四層,5,下堡
513.5,19.9,25.82,72.20%,華廈(10層含以下有電梯),無,有,108,1,1,0,3.0,2.0,2.0,一層,5,下堡
550.0,16.8,32.66,60.45%,華廈(10層含以下有電梯),無,有,108,1,1,0,3.0,2.0,2.0,二層,5,下堡
543.0,18.6,29.16,74.06%,華廈(10層含以下有電梯),無,有,108,1,1,0,3.0,2.0,2.0,四層,5,下堡
690.0,23.5,29.35,91.20%,公寓(5樓含以下無電梯),無,無,108,2,1,0,3.0,2.0,2.0,一層,3,榜林
635.0,20.5,31.0,78.47%,華廈(10層含以下有電梯),無,無,108,1,1,0,3.0,2.0,2.0,五層,5,安岐
730.0,19.1,38.28,88.60%,公寓(5樓含以下無電梯),無,無,108,1,1,0,3.0,1.0,2.0,三層,3,下堡
560.0,19.0,29.51,82.75%,公寓(5樓含以下無電梯),無,無,108,2,1,0,3.0,2.0,2.0,二層,3,安岐
745.0,19.6,38.07,66.78%,華廈(10層含以下有電梯),無,無,108,1,1,0,3.0,1.0,2.0,二層,4,榜林
800.0,21.9,36.49,69.67%,華廈(10層含以下有電梯),無,無,108,1,1,0,3.0,1.0,2.0,一層,4,榜林
750.0,19.7,38.07,66.78%,華廈(10層含以下有電梯),無,無,108,1,1,0,3.0,1.0,2.0,三層,4,榜林
395.0,19.8,19.98,80.18%,華廈(10層含以下有電梯),無,有,108,1,1,0,2.0,2.0,1.0,一層,5,安岐
580.0,20.4,28.47,85.64%,公寓(5樓含以下無電梯),無,無,108,1,1,0,3.0,2.0,2.0,三層,3,頂堡
500.0,16.6,30.15,78.49%,公寓(5樓含以下無電梯),無,無,108,1,1,0,3.0,2.0,2.0,三層,3,下堡
560.0,18.4,30.37,80.66%,華廈(10層含以下有電梯),無,無,108,1,1,0,3.0,2.0,2.0,四層,5,安岐
573.8,17.5,32.79,73.24%,華廈(10層含以下有電梯),無,有,108,1,1,0,2.0,2.0,2.0,五層,5,安岐
367.4,17.0,21.63,74.07%,華廈(10層含以下有電梯),無,有,108,1,1,0,2.0,2.0,1.0,三層,5,安岐
456.4,18.5,24.65,81.09%,華廈(10層含以下有電梯),無,有,108,1,1,0,1.0,1.0,2.0,一層,5,安岐
536.2,17.7,30.37,80.66%,華廈(10層含以下有電梯),無,無,108,1,1,0,3.0,2.0,2.0,四層,5,安岐
625.0,17.9,34.95,85.95%,華廈(10層含以下有電梯),無,無,108,1,1,0,3.0,2.0,2.0,一層,3,安美村安岐
431.5,15.8,27.37,72.27%,華廈(10層含以下有電梯),無,有,108,2,1,0,3.0,2.0,2.0,四層,5,西山
431.5,15.8,27.37,72.28%,華廈(10層含以下有電梯),無,有,108,2,1,0,3.0,2.0,2.0,三層,5,西山
470.0,19.0,24.72,81.27%,公寓(5樓含以下無電梯),無,無,108,1,1,0,2.0,2.0,2.0,三層,3,東坑
460.0,18.6,24.72,81.27%,公寓(5樓含以下無電梯),無,無,108,2,1,0,3.0,2.0,2.0,三層,3,東坑
630.0,20.7,30.37,80.66%,華廈(10層含以下有電梯),無,無,108,2,1,0,3.0,2.0,2.0,二層,5,安岐
400.0,20.3,19.72,85.98%,公寓(5樓含以下無電梯),無,無,108,1,1,0,2.0,2.0,2.0,三層,3,上后垵
640.0,24.3,26.35,86.23%,公寓(5樓含以下無電梯),無,無,108,1,1,0,3.0,2.0,2.0,一層,3,湖下
550.0,23.4,23.54,70.77%,華廈(10層含以下有電梯),無,無,108,2,1,0,2.0,1.0,2.0,二層,4,頂埔下
530.0,22.5,23.54,70.77%,華廈(10層含以下有電梯),無,無,108,2,1,0,2.0,1.0,2.0,三層,4,頂埔下
840.0,23.7,35.43,77.93%,華廈(10層含以下有電梯),無,無,108,2,1,0,3.0,2.0,2.0,三層,4,頂埔下
840.0,23.7,35.43,77.93%,華廈(10層含以下有電梯),無,無,108,2,1,0,3.0,2.0,2.0,二層,4,頂埔下
840.0,23.7,35.43,77.93%,華廈(10層含以下有電梯),無,無,108,2,1,0,3.0,2.0,2.0,四層,4,頂埔下
490.0,17.2,28.56,83.98%,公寓(5樓含以下無電梯),無,無,108,2,1,0,3.0,2.0,2.0,三層,3,安岐
455.0,15.9,28.56,75.13%,華廈(10層含以下有電梯),無,有,108,2,1,0,3.0,2.0,2.0,一層,5,西山
450.0,18.2,24.72,81.27%,公寓(5樓含以下無電梯),無,無,108,1,1,0,3.0,2.0,2.0,二層,3,東坑
200.0,18.3,10.91,80.21%,公寓(5樓含以下無電梯),無,無,108,1,1,0,1.0,1.0,1.0,三層,3,下堡
200.0,18.3,10.91,80.21%,公寓(5樓含以下無電梯),無,無,108,1,1,0,1.0,1.0,1.0,三層,3,下堡
510.0,20.6,24.72,81.27%,公寓(5樓含以下無電梯),無,無,108,1,1,0,3.0,2.0,2.0,一層,3,東坑
735.0,20.1,36.5,79.80%,華廈(10層含以下有電梯),無,有,108,2,1,0,3.0,2.0,2.0,五層,5,下后垵
590.0,16.2,36.48,71.53%,公寓(5樓含以下無電梯),無,無,108,1,1,0,3.0,2.0,2.0,二層,3,頂堡
403.0,16.9,23.81,80.37%,公寓(5樓含以下無電梯),無,無,108,1,1,0,2.0,1.0,2.0,二層,3,頂堡
210.0,19.2,10.91,80.21%,公寓(5樓含以下無電梯),無,無,108,1,1,0,1.0,1.0,1.0,三層,3,下堡
640.0,17.5,36.48,71.53%,公寓(5樓含以下無電梯),無,無,108,1,1,0,3.0,2.0,2.0,三層,3,頂堡
450.0,20.1,22.42,85.35%,公寓(5樓含以下無電梯),無,無,108,1,1,0,2.0,1.0,2.0,一層,3,頂堡
480.0,20.2,23.81,80.37%,公寓(5樓含以下無電梯),無,無,108,1,1,0,2.0,1.0,2.0,三層,3,頂堡
405.0,17.0,23.81,80.37%,公寓(5樓含以下無電梯),無,無,108,1,1,0,2.0,1.0,2.0,二層,3,頂堡
460.0,20.5,22.42,85.35%,公寓(5樓含以下無電梯),無,無,108,1,1,0,2.0,1.0,2.0,一層,3,頂堡
400.0,16.8,23.82,80.36%,公寓(5樓含以下無電梯),無,無,108,1,1,0,2.0,1.0,2.0,二層,3,頂堡
500.0,21.0,23.81,80.37%,公寓(5樓含以下無電梯),無,無,108,1,1,0,2.0,1.0,2.0,三層,3,頂堡
650.0,21.4,30.37,80.66%,華廈(10層含以下有電梯),無,無,108,1,1,0,3.0,2.0,2.0,四層,5,安岐
600.0,19.2,31.25,81.02%,公寓(5樓含以下無電梯),無,無,108,1,1,0,2.0,1.0,3.0,三層,3,東洲
400.0,12.8,31.25,81.02%,公寓(5樓含以下無電梯),無,無,108,1,1,0,2.0,1.0,3.0,二層,3,東洲
700.0,22.5,31.1,81.41%,公寓(5樓含以下無電梯),無,無,108,1,1,0,2.0,1.0,3.0,一層,3,東洲
210.0,19.2,10.91,80.21%,公寓(5樓含以下無電梯),無,無,108,1,1,0,1.0,1.0,1.0,三層,3,下堡
420.0,17.8,23.55,81.16%,公寓(5樓含以下無電梯),無,無,108,2,1,0,2.0,2.0,1.0,三層,3,頂埔下
550.0,15.0,36.58,88.86%,公寓(5樓含以下無電梯),無,無,108,1,1,0,3.0,2.0,4.0,二層,3,下埔下
460.0,16.1,28.5,85.22%,公寓(5樓含以下無電梯),無,無,108,1,1,0,3.0,2.0,2.0,三層,3,東洲段
560.0,20.8,26.93,79.19%,華廈(10層含以下有電梯),無,無,108,2,1,0,3.0,2.0,2.0,三層,5,下埔下
450.0,15.8,28.56,75.13%,華廈(10層含以下有電梯),無,有,108,2,1,0,3.0,2.0,2.0,三層,5,西山
399.0,16.1,24.78,76.62%,公寓(5樓含以下無電梯),無,無,108,1,1,0,2.0,2.0,2.0,二層,3,下堡
530.0,21.4,24.82,84.13%,公寓(5樓含以下無電梯),無,無,108,1,1,0,2.0,1.0,1.0,二層,3,榜林
460.0,16.1,28.56,75.13%,華廈(10層含以下有電梯),無,有,108,2,1,0,3.0,2.0,2.0,五層,5,西山
350.0,20.6,16.96,57.47%,華廈(10層含以下有電梯),無,無,108,1,1,0,1.0,1.0,1.0,二層,3,東洲
700.0,18.2,38.4,80.42%,華廈(10層含以下有電梯),無,有,108,2,1,0,3.0,2.0,2.0,四層,5,下后垵
370.0,15.1,24.55,83.64%,公寓(5樓含以下無電梯),無,無,108,1,1,0,3.0,1.0,2.0,三層,3,湖下
700.0,19.2,36.42,80.13%,公寓(5樓含以下無電梯),有,無,108,1,1,0,3.0,2.0,2.0,二層,3,下堡
730.0,20.0,36.5,79.80%,華廈(10層含以下有電梯),無,有,108,2,1,0,3.0,2.0,2.0,三層,5,下后垵
436.0,15.3,28.56,75.13%,華廈(10層含以下有電梯),無,有,108,2,1,0,3.0,2.0,2.0,四層,5,西山
380.0,19.8,19.18,77.19%,公寓(5樓含以下無電梯),無,無,108,1,1,0,2.0,2.0,1.0,二層,3,西堡
420.0,17.0,24.78,76.62%,公寓(5樓含以下無電梯),無,無,108,1,1,0,2.0,2.0,2.0,二層,3,下堡
490.0,18.5,26.5,72.83%,華廈(10層含以下有電梯),無,無,108,1,1,0,3.0,2.0,2.0,四層,5,安岐
630.0,17.7,35.63,74.25%,公寓(5樓含以下無電梯),無,無,108,2,1,0,3.0,2.0,2.0,三層,3,頂堡
700.0,18.9,37.01,75.25%,公寓(5樓含以下無電梯),無,無,108,2,1,0,3.0,2.0,2.0,三層,3,頂堡
206.0,18.9,10.91,80.21%,公寓(5樓含以下無電梯),無,無,108,1,1,0,1.0,1.0,1.0,二層,3,下堡
525.0,17.4,30.15,78.49%,公寓(5樓含以下無電梯),無,無,108,1,1,0,3.0,1.0,2.0,二層,3,下堡
535.0,18.6,28.7,72.96%,華廈(10層含以下有電梯),無,無,108,1,1,0,3.0,2.0,2.0,三層,5,安岐
525.0,19.8,26.47,82.88%,公寓(5樓含以下無電梯),無,無,108,1,1,0,3.0,2.0,2.0,三層,3,西堡
380.0,19.8,19.18,77.19%,公寓(5樓含以下無電梯),無,無,108,1,1,0,2.0,2.0,1.0,三層,3,西堡
568.0,21.3,26.62,81.41%,公寓(5樓含以下無電梯),無,無,108,1,1,0,2.0,2.0,2.0,一層,3,湖南
100.0,35.5,2.82,66.38%,華廈(10層含以下有電梯),無,無,108,1,1,0,1.0,1.0,1.0,地下一層,3,埔邊
520.0,18.1,28.7,72.96%,華廈(10層含以下有電梯),無,無,108,1,1,0,3.0,2.0,2.0,二層,5,安岐
488.0,18.4,26.5,72.83%,華廈(10層含以下有電梯),無,無,108,1,1,0,3.0,2.0,2.0,五層,5,安岐
700.0,18.2,38.4,80.42%,華廈(10層含以下有電梯),無,有,108,2,1,0,3.0,2.0,2.0,五層,5,下后垵
525.0,19.8,26.47,82.88%,公寓(5樓含以下無電梯),無,無,108,1,1,0,3.0,2.0,2.0,二層,3,西堡
510.0,19.0,26.84,94.06%,公寓(5樓含以下無電梯),無,無,108,1,1,0,3.0,2.0,2.0,一層,3,安岐
700.0,19.2,36.5,79.80%,華廈(10層含以下有電梯),無,有,108,2,1,0,3.0,2.0,2.0,四層,5,下后垵
615.0,23.4,26.31,84.10%,公寓(5樓含以下無電梯),無,無,108,1,1,0,3.0,2.0,2.0,二層,3,榜林
560.0,21.5,26.08,93.11%,公寓(5樓含以下無電梯),無,無,108,1,1,0,3.0,2.0,2.0,一層,3,東州
560.0,19.6,28.5,85.22%,公寓(5樓含以下無電梯),無,無,108,1,1,0,3.0,2.0,2.0,二層,3,東州
111.5,20.1,5.55,80.50%,公寓(5樓含以下無電梯),無,無,108,1,1,0,1.0,1.0,1.0,一層,3,下堡
240.0,20.6,11.67,64.07%,華廈(10層含以下有電梯),無,無,108,1,1,0,1.0,1.0,1.0,二層,3,頂埔下
206.0,18.9,10.91,80.21%,公寓(5樓含以下無電梯),無,無,108,1,1,0,1.0,1.0,1.0,二層,3,下堡
100.0,35.5,2.82,66.38%,華廈(10層含以下有電梯),無,無,108,1,1,0,1.0,1.0,1.0,地下一層,3,埔邊
215.0,19.7,10.91,80.21%,公寓(5樓含以下無電梯),無,無,108,1,1,0,1.0,1.0,1.0,二層,3,下堡
550.0,21.3,25.86,90.30%,公寓(5樓含以下無電梯),無,無,108,2,1,0,3.0,2.0,2.0,一層,3,安岐
555.0,18.0,30.77,78.17%,華廈(10層含以下有電梯),無,無,108,2,1,0,3.0,2.0,2.0,五層,5,昔果山
560.0,18.2,30.77,78.17%,華廈(10層含以下有電梯),無,無,108,2,1,0,3.0,2.0,2.0,四層,5,昔果山
550.0,18.0,30.53,77.99%,華廈(10層含以下有電梯),無,無,108,2,1,0,3.0,2.0,2.0,二層,5,昔果山
580.0,19.0,30.53,77.99%,華廈(10層含以下有電梯),無,無,108,2,1,0,3.0,2.0,2.0,一層,5,昔果山
570.0,18.5,30.77,78.17%,華廈(10層含以下有電梯),無,無,108,2,1,0,3.0,2.0,2.0,五層,5,昔果山
545.0,17.8,30.68,78.10%,華廈(10層含以下有電梯),無,無,108,2,1,0,3.0,2.0,2.0,四層,5,昔果山
555.0,18.2,30.53,77.99%,華廈(10層含以下有電梯),無,無,108,2,1,0,3.0,2.0,2.0,三層,5,昔果山
375.0,21.4,17.5,81.28%,公寓(5樓含以下無電梯),無,無,108,1,1,0,2.0,2.0,1.0,一層,3,西堡
555.0,21.0,26.47,82.88%,公寓(5樓含以下無電梯),無,無,108,1,1,0,3.0,2.0,2.0,一層,3,西堡
410.0,21.4,19.18,77.19%,公寓(5樓含以下無電梯),無,無,108,1,1,0,2.0,2.0,1.0,一層,3,西堡
380.0,19.7,19.24,78.84%,公寓(5樓含以下無電梯),無,無,108,1,1,0,2.0,2.0,1.0,二層,3,西堡
380.0,19.7,19.24,78.84%,公寓(5樓含以下無電梯),無,無,108,1,1,0,2.0,2.0,1.0,三層,3,西堡
345.0,19.7,17.5,81.28%,公寓(5樓含以下無電梯),無,無,108,1,1,0,2.0,2.0,1.0,三層,3,西堡
345.0,19.7,17.5,81.28%,公寓(5樓含以下無電梯),無,無,108,1,1,0,2.0,2.0,1.0,二層,3,西堡
400.0,21.7,18.44,82.28%,公寓(5樓含以下無電梯),無,無,108,1,1,0,2.0,2.0,1.0,一層,3,西堡
500.0,17.2,29.05,81.46%,公寓(5樓含以下無電梯),無,無,108,1,1,0,3.0,2.0,2.0,二層,3,下堡
570.0,12.0,47.49,66.30%,公寓(5樓含以下無電梯),無,無,108,1,1,1,3.0,2.0,2.0,一層,3,前厝
690.0,13.0,53.19,63.31%,公寓(5樓含以下無電梯),無,無,108,1,1,1,3.0,2.0,2.0,二層,3,前厝
538.0,20.3,26.5,72.84%,華廈(10層含以下有電梯),無,無,108,1,1,0,3.0,2.0,2.0,一層,5,安岐
510.0,17.8,28.7,72.96%,華廈(10層含以下有電梯),無,無,108,1,1,0,3.0,2.0,2.0,四層,5,安岐
223.0,20.1,11.11,80.48%,公寓(5樓含以下無電梯),無,無,108,1,1,0,1.0,1.0,1.0,一層,3,下堡
222.0,20.3,10.91,80.21%,公寓(5樓含以下無電梯),無,無,108,1,1,0,1.0,1.0,1.0,一層,3,下堡
218.0,20.0,10.91,80.21%,公寓(5樓含以下無電梯),無,無,108,1,1,0,1.0,1.0,1.0,一層,3,下堡
600.0,20.9,28.7,72.96%,華廈(10層含以下有電梯),無,無,108,1,1,0,3.0,2.0,2.0,一層,5,安岐
380.0,15.5,24.55,83.64%,公寓(5樓含以下無電梯),無,無,108,1,1,0,3.0,1.0,2.0,二層,3,湖下
220.0,19.8,11.11,80.50%,公寓(5樓含以下無電梯),無,無,108,1,1,0,1.0,1.0,1.0,二層,3,下堡
400.0,17.0,23.53,78.38%,公寓(5樓含以下無電梯),無,無,108,1,1,0,3.0,1.0,2.0,一層,3,湖下
380.0,16.1,23.53,78.38%,公寓(5樓含以下無電梯),無,無,108,1,1,0,3.0,1.0,2.0,二層,3,湖下
550.0,19.3,28.56,83.98%,公寓(5樓含以下無電梯),無,無,108,2,1,0,3.0,2.0,2.0,二層,3,安岐
850.0,20.1,42.22,58.09%,公寓(5樓含以下無電梯),無,無,108,1,1,0,3.0,2.0,2.0,三層,3,東州
218.0,20.0,10.91,80.21%,公寓(5樓含以下無電梯),無,無,108,1,1,0,1.0,1.0,1.0,一層,3,下堡
580.0,16.7,34.74,75.59%,公寓(5樓含以下無電梯),無,無,108,1,1,0,3.0,2.0,2.0,二層,3,環島西路二段
580.0,16.7,34.74,75.59%,公寓(5樓含以下無電梯),無,無,108,1,1,0,3.0,2.0,2.0,三層,3,環島西路二段
350.0,18.1,19.31,80.59%,公寓(5樓含以下無電梯),無,無,108,1,1,0,2.0,1.0,2.0,二層,3,上后垵
580.0,21.4,27.05,79.28%,華廈(10層含以下有電梯),無,無,108,2,1,0,3.0,2.0,2.0,四層,5,下埔下
620.0,25.0,24.77,86.10%,華廈(10層含以下有電梯),無,無,108,2,1,0,3.0,2.0,2.0,一層,5,下埔下
550.0,20.4,26.93,79.19%,華廈(10層含以下有電梯),無,無,108,2,1,0,3.0,2.0,2.0,二層,5,下埔下
550.0,20.4,26.93,79.19%,華廈(10層含以下有電梯),無,無,108,2,1,0,3.0,2.0,2.0,三層,5,下埔下
550.0,20.3,27.05,79.28%,華廈(10層含以下有電梯),無,無,108,2,1,0,3.0,2.0,2.0,四層,5,下埔下
620.0,22.9,27.05,79.28%,華廈(10層含以下有電梯),無,無,108,2,1,0,3.0,2.0,2.0,五層,5,下埔下
705.0,20.1,35.05,81.22%,公寓(5樓含以下無電梯),無,無,107,1,1,0,3.0,2.0,2.0,"三層,見其他登記事項",3,湖南
380.0,19.7,19.31,80.59%,公寓(5樓含以下無電梯),無,無,107,1,1,0,2.0,1.0,2.0,三層,3,上后垵
400.0,21.3,18.76,90.54%,公寓(5樓含以下無電梯),無,無,107,1,1,0,2.0,1.0,2.0,一層,3,上后垵
600.0,20.6,29.09,86.19%,公寓(5樓含以下無電梯),無,無,107,1,1,0,3.0,2.0,2.0,三層,3,湖下
498.0,18.8,26.5,72.84%,華廈(10層含以下有電梯),無,無,107,1,1,0,3.0,2.0,2.0,二層,5,安岐
485.0,18.3,26.5,72.84%,華廈(10層含以下有電梯),無,無,107,1,1,0,3.0,2.0,2.0,三層,5,安岐
545.0,20.5,26.62,81.41%,公寓(5樓含以下無電梯),無,無,107,1,1,0,2.0,2.0,2.0,一層,3,湖南
490.0,22.7,21.59,84.12%,公寓(5樓含以下無電梯),無,無,107,1,1,0,3.0,1.0,2.0,一層,3,前厝
545.0,20.5,26.62,81.41%,公寓(5樓含以下無電梯),無,無,107,1,1,0,2.0,2.0,2.0,一層,3,湖南
870.0,23.3,37.41,79.89%,公寓(5樓含以下無電梯),無,無,107,1,1,0,3.0,1.0,2.0,三層,3,埔邊
510.0,19.2,26.62,81.41%,公寓(5樓含以下無電梯),無,無,107,1,1,0,2.0,2.0,2.0,二層,3,湖南
548.0,20.6,26.62,81.41%,公寓(5樓含以下無電梯),無,無,107,1,1,0,2.0,2.0,2.0,一層,3,湖南
506.0,19.0,26.62,81.41%,公寓(5樓含以下無電梯),無,無,107,1,1,0,2.0,2.0,2.0,二層,3,湖南
705.0,20.1,35.05,81.22%,公寓(5樓含以下無電梯),無,無,107,1,1,0,3.0,2.0,2.0,"三層,見其他登記事項",3,湖南
705.0,20.1,35.05,81.22%,公寓(5樓含以下無電梯),無,無,107,1,1,0,3.0,2.0,2.0,"三層,見其他登記事項",3,湖南
510.0,19.2,26.62,81.41%,公寓(5樓含以下無電梯),無,無,107,1,1,0,2.0,2.0,2.0,二層,3,湖南
510.0,19.2,26.62,81.41%,公寓(5樓含以下無電梯),無,無,107,1,1,0,2.0,2.0,2.0,二層,3,湖南
705.0,19.5,36.1,80.01%,公寓(5樓含以下無電梯),無,無,107,1,1,0,3.0,2.0,2.0,二層,3,下堡
420.0,15.9,26.38,82.30%,公寓(5樓含以下無電梯),無,無,107,1,1,0,3.0,1.0,2.0,一層,3,湖下
560.0,19.0,29.42,86.95%,公寓(5樓含以下無電梯),無,無,107,1,1,0,3.0,2.0,2.0,一層,3,盤山村頂堡
390.0,16.2,24.06,81.58%,公寓(5樓含以下無電梯),無,無,107,1,1,0,3.0,1.0,2.0,三層,3,西浦頭
228.0,20.9,10.92,80.19%,公寓(5樓含以下無電梯),無,無,107,1,1,0,1.0,1.0,1.0,一層,3,下堡
790.0,22.8,34.6,87.46%,公寓(5樓含以下無電梯),無,無,107,1,1,0,3.0,2.0,2.0,二層,3,埔邊
720.0,22.7,31.76,88.13%,公寓(5樓含以下無電梯),無,無,107,1,1,0,3.0,2.0,3.0,一層,3,下埔下
350.0,17.5,19.97,83.70%,公寓(5樓含以下無電梯),無,無,107,2,1,0,2.0,2.0,1.0,三層,3,湖下
556.0,18.4,30.15,78.49%,公寓(5樓含以下無電梯),無,無,107,1,1,0,3.0,2.0,2.0,二層,3,下堡
700.0,15.3,45.7,79.08%,華廈(10層含以下有電梯),無,無,107,1,1,1,4.0,2.0,2.0,一層,3,下堡
760.0,15.3,49.56,72.95%,華廈(10層含以下有電梯),無,無,107,1,1,1,4.0,2.0,2.0,二層,3,下堡
720.0,14.6,49.22,72.95%,華廈(10層含以下有電梯),無,無,107,1,1,1,4.0,2.0,2.0,三層,3,下堡
700.0,14.6,48.07,72.98%,華廈(10層含以下有電梯),無,無,107,1,1,1,4.0,2.0,2.0,三層,3,下堡
720.0,15.2,47.3,78.95%,華廈(10層含以下有電梯),無,無,107,1,1,1,4.0,2.0,2.0,一層,3,下堡
775.0,16.0,48.41,72.98%,華廈(10層含以下有電梯),無,無,107,1,1,1,4.0,2.0,3.0,二層,3,下堡
600.0,22.8,26.31,84.10%,公寓(5樓含以下無電梯),無,無,107,1,1,0,3.0,1.0,2.0,一層,3,榜林
590.0,22.4,26.31,84.10%,公寓(5樓含以下無電梯),無,無,107,1,1,0,3.0,1.0,2.0,三層,3,榜林
580.0,23.4,24.82,84.13%,公寓(5樓含以下無電梯),無,無,107,1,1,0,2.0,1.0,2.0,一層,3,榜林
580.0,22.0,26.31,84.10%,公寓(5樓含以下無電梯),無,無,107,1,1,0,3.0,1.0,2.0,二層,3,榜林
725.0,19.8,36.68,91.33%,公寓(5樓含以下無電梯),無,無,107,1,1,0,3.0,2.0,2.0,三層,3,下堡
480.0,16.1,29.84,69.21%,公寓(5樓含以下無電梯),無,無,107,1,1,0,3.0,0.0,3.0,一層,3,下堡
700.0,16.0,43.71,57.91%,華廈(10層含以下有電梯),無,無,107,1,1,1,3.0,2.0,2.0,三層,3,東州
450.0,18.6,24.19,89.26%,公寓(5樓含以下無電梯),無,無,107,1,1,0,2.0,2.0,2.0,一層,3,安岐
730.0,16.6,43.94,57.61%,華廈(10層含以下有電梯),無,無,107,1,1,1,3.0,2.0,2.0,二層,3,東州
480.0,17.2,27.95,77.68%,公寓(5樓含以下無電梯),無,無,107,1,1,0,3.0,2.0,2.0,三層,3,湖下
690.0,17.7,38.88,91.28%,公寓(5樓含以下無電梯),無,無,107,1,1,0,3.0,2.0,2.0,"一層,地下一層",3,下堡
180.0,14.0,12.81,57.63%,公寓(5樓含以下無電梯),無,無,107,1,1,1,4.0,1.0,4.0,一層,3,下堡
607.0,20.0,30.37,80.66%,華廈(10層含以下有電梯),無,無,107,1,1,0,3.0,2.0,2.0,二層,5,安岐
630.0,20.3,31.0,78.47%,華廈(10層含以下有電梯),無,無,107,1,1,0,3.0,2.0,2.0,四層,5,安岐
470.0,16.1,29.14,85.74%,公寓(5樓含以下無電梯),無,無,107,1,1,0,3.0,2.0,2.0,三層,3,安岐
470.0,21.8,21.59,84.12%,公寓(5樓含以下無電梯),無,無,107,1,1,0,2.0,2.0,2.0,一層,3,前厝
600.0,16.8,35.63,74.25%,公寓(5樓含以下無電梯),無,無,107,2,1,0,3.0,2.0,2.0,二層,3,頂堡
470.0,16.5,28.43,89.96%,公寓(5樓含以下無電梯),無,無,107,1,1,0,3.0,2.0,2.0,一層,3,安岐
410.0,18.3,22.46,80.47%,華廈(10層含以下有電梯),無,無,107,1,1,0,2.0,1.0,2.0,二層,5,安岐
440.0,19.6,22.46,80.47%,華廈(10層含以下有電梯),無,無,107,1,1,0,2.0,1.0,2.0,四層,5,安岐
400.0,17.8,22.46,80.47%,華廈(10層含以下有電梯),無,無,107,1,1,0,2.0,1.0,2.0,五層,5,安岐
650.0,21.0,31.0,78.47%,華廈(10層含以下有電梯),無,無,107,1,1,0,3.0,2.0,2.0,五層,5,安岐
240.0,22.5,10.68,64.46%,華廈(10層含以下有電梯),無,無,107,1,1,0,,,,二層,3,頂埔下
465.0,16.4,28.42,85.40%,公寓(5樓含以下無電梯),無,無,107,1,1,0,3.0,2.0,2.0,二層,3,安岐
620.0,20.0,31.0,78.47%,華廈(10層含以下有電梯),無,無,107,1,1,0,3.0,2.0,2.0,三層,5,安岐
780.0,18.6,41.99,66.02%,公寓(5樓含以下無電梯),無,無,107,1,1,1,2.0,2.0,2.0,一層,3,前厝
650.0,22.2,29.3,82.96%,華廈(10層含以下有電梯),無,無,107,1,1,0,3.0,2.0,2.0,一層,5,安岐
580.0,18.7,31.0,78.47%,華廈(10層含以下有電梯),無,無,107,1,1,0,3.0,2.0,2.0,二層,5,安岐
651.0,21.4,30.37,80.66%,華廈(10層含以下有電梯),無,無,107,1,1,0,3.0,2.0,2.0,五層,5,安岐
400.0,17.8,22.46,80.47%,華廈(10層含以下有電梯),無,無,107,1,1,0,2.0,1.0,2.0,三層,5,安岐
607.2,20.0,30.37,80.66%,華廈(10層含以下有電梯),無,無,107,1,1,0,3.0,2.0,2.0,三層,5,安岐
400.0,14.2,28.13,75.95%,公寓(5樓含以下無電梯),無,無,107,1,1,0,2.0,2.0,2.0,一層,3,湖下
535.0,12.1,44.33,59.45%,公寓(5樓含以下無電梯),無,無,107,2,1,1,3.0,2.0,2.0,三層,3,湖下
525.0,12.9,40.61,59.44%,公寓(5樓含以下無電梯),無,無,107,2,1,0,3.0,2.0,2.0,三層,3,湖下
520.0,11.7,44.17,59.29%,公寓(5樓含以下無電梯),無,無,107,2,1,1,3.0,2.0,2.0,三層,3,湖下
545.0,13.3,41.29,63.82%,公寓(5樓含以下無電梯),無,無,107,2,1,1,3.0,2.0,2.0,一層,3,湖下
530.0,13.1,40.57,59.51%,公寓(5樓含以下無電梯),無,無,107,2,1,0,3.0,1.0,2.0,二層,3,湖下
420.0,21.3,19.71,88.58%,公寓(5樓含以下無電梯),無,無,107,1,1,0,2.0,1.0,1.0,三層,3,仁愛新
530.0,13.1,40.41,59.34%,公寓(5樓含以下無電梯),無,無,107,2,1,0,3.0,1.0,2.0,二層,3,湖下
439.0,16.9,25.96,81.19%,公寓(5樓含以下無電梯),無,無,107,1,1,0,3.0,2.0,2.0,三層,3,安岐
610.0,17.0,35.95,71.11%,公寓(5樓含以下無電梯),無,無,107,1,1,0,3.0,2.0,2.0,二層,3,頂堡
440.0,19.0,23.21,84.56%,公寓(5樓含以下無電梯),無,無,107,1,1,0,3.0,1.0,2.0,二層,3,西浦頭
600.0,16.2,37.01,75.25%,公寓(5樓含以下無電梯),無,無,107,2,1,0,3.0,2.0,2.0,二層,3,頂堡
515.0,11.6,44.29,59.51%,公寓(5樓含以下無電梯),無,無,107,2,1,1,3.0,2.0,2.0,二層,3,湖下
400.0,21.1,18.93,85.81%,公寓(5樓含以下無電梯),無,無,107,1,1,0,2.0,2.0,1.0,二層,3,仁愛新
450.0,23.9,18.8,88.56%,公寓(5樓含以下無電梯),無,無,107,1,1,0,1.0,1.0,1.0,一層,3,仁愛新
420.0,21.3,19.71,88.58%,公寓(5樓含以下無電梯),無,無,107,1,1,0,2.0,1.0,1.0,二層,3,仁愛新
795.0,12.8,63.61,63.82%,公寓(5樓含以下無電梯),無,無,106,2,1,1,3.0,2.0,2.0,一層,3,湖下
690.0,23.6,29.3,79.51%,公寓(5樓含以下無電梯),無,無,106,1,1,0,3.0,2.0,2.0,一層,3,埔後
663.0,22.6,29.3,79.51%,公寓(5樓含以下無電梯),無,無,106,1,1,0,3.0,2.0,2.0,二層,3,埔後
678.0,23.1,29.3,79.51%,公寓(5樓含以下無電梯),無,無,106,1,1,0,3.0,2.0,2.0,三層,3,埔後
494.0,17.7,27.93,88.78%,公寓(5樓含以下無電梯),無,無,106,1,1,0,3.0,2.0,2.0,二層,3,湖南
494.0,17.7,27.93,88.78%,公寓(5樓含以下無電梯),無,無,106,1,1,0,3.0,2.0,2.0,二層,3,湖南
494.0,17.7,27.93,88.78%,公寓(5樓含以下無電梯),無,無,106,1,1,0,3.0,2.0,2.0,三層,3,湖南
366.0,17.4,20.99,84.53%,公寓(5樓含以下無電梯),無,無,106,1,1,0,2.0,1.0,2.0,二層,3,湖南
400.0,21.1,18.93,85.81%,公寓(5樓含以下無電梯),無,無,106,1,1,0,2.0,2.0,1.0,三層,3,仁愛新
550.0,19.9,27.7,87.89%,公寓(5樓含以下無電梯),無,無,106,2,1,0,3.0,2.0,2.0,一層,3,安岐
600.0,23.8,25.18,96.31%,公寓(5樓含以下無電梯),無,無,106,1,1,0,3.0,2.0,2.0,一層,3,西浦頭
560.0,20.1,27.9,85.05%,公寓(5樓含以下無電梯),無,無,106,1,1,0,3.0,2.0,2.0,二層,3,西浦頭
700.0,13.2,53.19,63.31%,公寓(5樓含以下無電梯),無,無,106,1,1,1,2.0,2.0,2.0,二層,3,前厝
700.0,14.7,47.49,66.30%,公寓(5樓含以下無電梯),無,無,106,1,1,1,2.0,2.0,2.0,一層,3,前厝
700.0,13.4,52.43,62.11%,公寓(5樓含以下無電梯),無,無,106,1,1,1,2.0,2.0,2.0,三層,3,前厝
630.0,19.3,32.72,82.69%,公寓(5樓含以下無電梯),無,無,106,1,1,0,3.0,2.0,2.0,三層,3,盤果路
850.0,16.0,53.07,66.23%,公寓(5樓含以下無電梯),無,無,106,1,1,1,2.0,2.0,2.0,一層,3,前厝
556.0,19.9,27.9,85.05%,公寓(5樓含以下無電梯),無,無,106,1,1,0,3.0,2.0,2.0,二層,3,西浦頭
600.0,23.0,26.11,92.88%,公寓(5樓含以下無電梯),無,無,106,1,1,0,3.0,2.0,2.0,一層,3,西浦頭
570.0,19.3,29.51,82.75%,公寓(5樓含以下無電梯),無,無,106,2,1,0,3.0,2.0,2.0,二層,3,安岐
560.0,19.6,28.56,83.98%,公寓(5樓含以下無電梯),無,無,106,1,1,0,3.0,2.0,2.0,一層,3,安岐
580.0,20.3,28.56,83.98%,公寓(5樓含以下無電梯),無,無,106,2,1,0,3.0,2.0,2.0,三層,3,安岐
560.0,20.2,27.7,87.89%,公寓(5樓含以下無電梯),無,無,106,2,1,0,3.0,2.0,2.0,三層,3,安岐
600.0,20.3,29.51,,公寓(5樓含以下無電梯),無,無,106,2,1,0,3.0,2.0,2.0,三層,3,安岐
467.6,19.9,23.53,78.38%,公寓(5樓含以下無電梯),無,無,106,1,1,0,3.0,2.0,2.0,三層,3,湖下
688.0,13.8,49.96,64.42%,公寓(5樓含以下無電梯),無,無,106,1,1,1,2.0,2.0,2.0,三層,3,前厝
770.0,23.1,33.33,83.94%,公寓(5樓含以下無電梯),無,無,106,1,1,0,3.0,2.0,2.0,三層,3,下堡
450.0,17.4,25.81,88.23%,公寓(5樓含以下無電梯),無,無,106,1,1,0,3.0,2.0,2.0,三層,3,湖南
560.0,17.5,31.99,90.40%,公寓(5樓含以下無電梯),無,無,106,1,1,0,3.0,2.0,2.0,一層,3,榜林
670.0,12.8,52.15,63.27%,公寓(5樓含以下無電梯),無,無,106,1,1,1,2.0,2.0,2.0,二層,3,前厝
500.0,17.5,28.56,83.98%,公寓(5樓含以下無電梯),無,無,106,2,1,0,3.0,2.0,2.0,二層,3,安岐
700.0,13.2,53.19,63.31%,公寓(5樓含以下無電梯),無,無,106,1,1,1,2.0,2.0,2.0,三層,3,前厝
480.0,19.5,24.58,85.85%,公寓(5樓含以下無電梯),無,無,106,1,1,0,3.0,2.0,2.0,三層,3,湖南
510.0,22.9,22.31,94.59%,公寓(5樓含以下無電梯),無,無,106,1,1,0,3.0,2.0,2.0,一層,3,湖南
525.0,11.8,44.29,59.50%,公寓(5樓含以下無電梯),無,無,106,2,1,1,3.0,2.0,2.0,二層,3,湖下
718.0,14.4,49.96,64.42%,公寓(5樓含以下無電梯),無,無,106,1,1,1,2.0,2.0,2.0,二層,3,前厝
670.0,12.8,52.43,62.11%,公寓(5樓含以下無電梯),無,無,106,1,1,1,2.0,2.0,2.0,二層,3,前厝
670.0,13.6,49.37,66.30%,公寓(5樓含以下無電梯),無,無,106,1,1,1,2.0,2.0,2.0,一層,3,前厝
603.0,23.6,25.52,91.59%,公寓(5樓含以下無電梯),無,無,106,1,1,0,3.0,2.0,2.0,一層,3,湖南
485.0,20.5,23.63,86.42%,公寓(5樓含以下無電梯),無,無,106,1,1,0,3.0,1.0,2.0,三層,3,湖南
568.0,20.3,27.93,88.78%,公寓(5樓含以下無電梯),無,無,106,1,1,0,3.0,2.0,2.0,三層,3,湖南
780.0,15.0,52.15,63.27%,公寓(5樓含以下無電梯),無,無,106,1,1,1,2.0,2.0,2.0,三層,3,前厝
570.0,19.3,29.51,82.75%,公寓(5樓含以下無電梯),無,無,106,2,1,0,3.0,2.0,2.0,一層,3,安岐
470.0,19.9,23.63,86.42%,公寓(5樓含以下無電梯),無,無,106,1,1,0,3.0,1.0,2.0,二層,3,湖南
620.0,23.0,26.94,92.04%,公寓(5樓含以下無電梯),無,無,106,1,1,0,3.0,2.0,2.0,一層,3,湖南
500.0,22.3,22.47,90.90%,公寓(5樓含以下無電梯),無,無,106,1,1,0,3.0,1.0,2.0,一層,3,湖南
425.0,20.3,20.99,84.53%,公寓(5樓含以下無電梯),無,無,106,1,1,0,2.0,1.0,2.0,三層,3,湖南
430.0,21.7,19.79,89.67%,公寓(5樓含以下無電梯),無,無,106,1,1,0,2.0,1.0,2.0,一層,3,湖南
480.0,17.9,26.79,85.04%,公寓(5樓含以下無電梯),無,無,106,1,1,0,3.0,2.0,2.0,二層,3,安岐
620.0,17.4,35.63,74.25%,公寓(5樓含以下無電梯),無,無,106,2,1,0,3.0,2.0,2.0,三層,3,頂堡
720.0,14.4,49.93,73.95%,公寓(5樓含以下無電梯),無,無,106,2,1,4,3.0,2.0,2.0,一層,3,頂堡
650.0,17.6,37.01,75.25%,公寓(5樓含以下無電梯),無,無,106,2,1,0,3.0,2.0,2.0,二層,3,頂堡
535.0,15.0,35.63,74.25%,公寓(5樓含以下無電梯),無,無,106,2,1,0,3.0,2.0,2.0,二層,3,頂堡
620.0,16.6,37.46,73.95%,公寓(5樓含以下無電梯),無,無,106,2,1,1,3.0,2.0,2.0,一層,3,頂堡
580.0,13.2,44.1,60.88%,公寓(5樓含以下無電梯),無,無,106,1,1,1,3.0,2.0,1.0,三層,3,安岐
472.0,18.3,25.86,90.30%,公寓(5樓含以下無電梯),無,無,106,2,1,0,3.0,1.0,2.0,一層,3,安岐
454.0,16.3,27.83,83.91%,公寓(5樓含以下無電梯),無,無,106,2,1,0,3.0,1.0,2.0,二層,3,安岐
467.0,16.8,27.83,83.91%,公寓(5樓含以下無電梯),無,無,106,2,1,0,3.0,1.0,2.0,三層,3,安岐
530.0,19.0,27.95,89.78%,公寓(5樓含以下無電梯),無,無,106,2,1,0,3.0,1.0,2.0,一層,3,安岐
502.0,16.4,30.56,82.12%,公寓(5樓含以下無電梯),無,無,106,2,1,0,3.0,1.0,2.0,二層,3,安岐
502.0,16.4,30.56,82.12%,公寓(5樓含以下無電梯),無,無,106,2,1,0,3.0,1.0,2.0,三層,3,安岐
200.0,19.0,10.52,64.60%,華廈(10層含以下有電梯),無,無,106,1,1,0,1.0,1.0,1.0,三層,3,頂埔下
550.0,20.4,26.91,87.18%,公寓(5樓含以下無電梯),無,無,106,1,1,0,4.0,1.0,2.0,一層,3,東坑
720.0,18.8,38.28,88.60%,公寓(5樓含以下無電梯),無,無,106,1,1,0,3.0,2.0,2.0,二層,3,下堡
510.0,20.8,24.55,83.64%,公寓(5樓含以下無電梯),無,無,106,1,1,0,3.0,2.0,2.0,一層,3,湖下
530.0,19.0,27.95,77.68%,公寓(5樓含以下無電梯),無,無,106,1,1,0,3.0,2.0,2.0,三層,3,湖下
490.0,18.4,26.62,76.70%,公寓(5樓含以下無電梯),無,無,106,1,1,0,3.0,1.0,2.0,二層,3,安岐
560.0,21.0,26.63,86.65%,公寓(5樓含以下無電梯),無,無,106,1,1,0,3.0,2.0,2.0,一層,3,東坑
520.0,18.2,28.63,83.17%,公寓(5樓含以下無電梯),無,無,106,1,1,0,3.0,2.0,2.0,三層,3,東坑
500.0,17.5,28.63,83.17%,公寓(5樓含以下無電梯),無,無,106,1,1,0,3.0,2.0,2.0,二層,3,東坑
512.0,18.3,27.98,83.84%,公寓(5樓含以下無電梯),無,無,106,1,1,0,3.0,2.0,2.0,二層,3,東坑
500.0,17.9,27.98,83.84%,公寓(5樓含以下無電梯),無,無,106,1,1,0,3.0,2.0,2.0,三層,3,東坑
466.0,19.0,24.55,83.64%,公寓(5樓含以下無電梯),無,無,106,1,1,0,3.0,2.0,2.0,三層,3,湖下
555.0,20.0,27.8,84.29%,公寓(5樓含以下無電梯),無,無,106,1,1,0,3.0,2.0,2.0,二層,3,湖南
750.0,17.3,43.37,57.93%,公寓(5樓含以下無電梯),無,無,106,1,1,0,3.0,2.0,2.0,二層,3,東州
690.0,19.7,34.95,85.95%,公寓(5樓含以下無電梯),無,無,106,1,1,0,3.0,2.0,2.0,一層,3,安岐
543.0,22.0,24.72,81.27%,公寓(5樓含以下無電梯),無,無,106,1,1,0,3.0,2.0,2.0,二層,3,東坑
550.0,22.0,24.97,81.45%,公寓(5樓含以下無電梯),無,無,106,1,1,0,3.0,2.0,2.0,二層,3,東坑
540.0,19.3,27.95,77.68%,公寓(5樓含以下無電梯),無,無,106,1,1,0,3.0,2.0,2.0,二層,3,湖下
495.0,18.6,26.62,76.70%,公寓(5樓含以下無電梯),無,無,106,1,1,0,3.0,1.0,2.0,三層,3,安岐
545.0,12.4,44.13,59.34%,公寓(5樓含以下無電梯),無,無,106,2,1,1,3.0,2.0,2.0,二層,3,湖下
230.0,21.9,10.52,64.60%,華廈(10層含以下有電梯),無,無,106,1,1,0,1.0,1.0,1.0,二層,3,頂埔下
545.0,19.1,28.56,83.98%,公寓(5樓含以下無電梯),無,無,106,2,1,0,3.0,2.0,2.0,一層,3,安岐
570.0,17.4,32.72,82.69%,公寓(5樓含以下無電梯),無,無,106,1,1,0,3.0,2.0,2.0,三層,3,盤果路
500.0,17.8,28.01,89.19%,公寓(5樓含以下無電梯),無,無,106,1,1,0,3.0,2.0,2.0,一層,3,安岐
450.0,17.1,26.37,79.94%,公寓(5樓含以下無電梯),無,無,106,1,1,0,3.0,2.0,2.0,二層,3,安岐
639.0,22.2,28.73,94.16%,公寓(5樓含以下無電梯),無,無,106,1,1,0,3.0,2.0,2.0,一層,3,盤果路
588.0,18.0,32.63,82.92%,公寓(5樓含以下無電梯),無,無,106,1,1,0,3.0,1.0,2.0,二層,3,盤果路
650.0,27.4,23.76,94.12%,公寓(5樓含以下無電梯),無,無,106,1,1,0,,,,一層,3,盤果路
550.0,21.3,25.85,86.33%,公寓(5樓含以下無電梯),無,無,106,0,1,0,2.0,1.0,1.0,二層,3,盤果路
550.0,21.3,25.85,86.33%,公寓(5樓含以下無電梯),無,無,106,1,1,0,2.0,2.0,1.0,三層,3,盤果路
325.0,18.1,17.93,81.94%,公寓(5樓含以下無電梯),無,無,106,1,1,0,2.0,2.0,1.0,三層,3,湖南
1000.0,25.3,39.6,75.98%,公寓(5樓含以下無電梯),無,無,105,1,1,0,3.0,2.0,2.0,一層,3,下堡
398.0,21.9,18.21,82.76%,公寓(5樓含以下無電梯),無,無,105,1,1,0,2.0,2.0,2.0,三層,3,安岐
320.0,17.6,18.2,82.25%,公寓(5樓含以下無電梯),無,無,105,0,1,0,2.0,2.0,2.0,二層,3,安岐
310.0,17.0,18.21,82.76%,公寓(5樓含以下無電梯),無,無,105,0,1,0,2.0,2.0,2.0,二層,3,安岐
530.0,23.3,22.72,92.82%,公寓(5樓含以下無電梯),無,無,105,1,1,0,3.0,2.0,2.0,一層,3,湖南
298.0,16.6,17.93,81.94%,公寓(5樓含以下無電梯),無,無,105,1,1,0,2.0,2.0,1.0,二層,3,湖南
465.0,18.0,25.81,88.23%,公寓(5樓含以下無電梯),無,無,105,1,1,0,3.0,2.0,2.0,二層,3,湖南
520.0,19.6,26.59,76.77%,公寓(5樓含以下無電梯),無,無,105,1,1,0,3.0,1.0,2.0,一層,3,安岐
530.0,12.0,44.13,59.34%,公寓(5樓含以下無電梯),無,無,105,2,1,1,3.0,2.0,2.0,二層,3,湖下
530.0,12.0,44.17,59.28%,公寓(5樓含以下無電梯),無,無,105,2,1,1,3.0,2.0,2.0,三層,3,湖下
660.0,22.1,29.84,89.54%,公寓(5樓含以下無電梯),無,無,105,1,1,0,4.0,2.0,2.0,二層,3,前厝
500.0,21.4,23.34,89.45%,公寓(5樓含以下無電梯),無,無,105,1,1,0,2.0,1.0,2.0,二層,3,前厝
540.0,23.5,23.0,92.69%,公寓(5樓含以下無電梯),無,無,105,1,1,0,3.0,2.0,2.0,一層,3,湖南
468.0,19.0,24.58,85.85%,公寓(5樓含以下無電梯),無,無,105,1,1,0,3.0,2.0,2.0,二層,3,湖南
460.0,18.4,25.04,84.23%,公寓(5樓含以下無電梯),無,無,105,1,1,0,3.0,2.0,2.0,二層,3,湖南
498.0,19.7,25.34,84.14%,公寓(5樓含以下無電梯),無,無,105,1,1,0,3.0,2.0,2.0,二層,3,湖南
365.0,22.3,16.33,89.94%,公寓(5樓含以下無電梯),無,無,105,1,1,0,1.0,2.0,1.0,一層,3,湖南
510.0,20.4,25.04,84.23%,公寓(5樓含以下無電梯),無,無,105,1,1,0,3.0,2.0,2.0,三層,3,湖南
520.0,20.5,25.31,89.97%,公寓(5樓含以下無電梯),無,無,105,1,1,0,1.0,2.0,2.0,一層,3,湖南
518.0,20.4,25.34,84.14%,公寓(5樓含以下無電梯),無,無,105,1,1,0,3.0,2.0,2.0,三層,3,湖南
538.0,20.1,26.79,85.04%,公寓(5樓含以下無電梯),無,無,105,1,1,0,3.0,2.0,2.0,一層,3,安岐
240.0,22.6,10.62,64.81%,華廈(10層含以下有電梯),無,無,105,1,1,0,1.0,1.0,1.0,二層,3,頂埔下
750.0,22.3,33.57,94.74%,公寓(5樓含以下無電梯),無,無,105,1,1,0,3.0,2.0,2.0,一層,3,頂堡
705.0,18.9,37.34,89.17%,公寓(5樓含以下無電梯),無,無,105,1,1,0,3.0,2.0,2.0,三層,3,頂堡
1000.0,25.3,39.6,75.98%,公寓(5樓含以下無電梯),無,無,105,1,1,0,1.0,1.0,1.0,一層,3,下堡
1200.0,30.3,39.6,75.98%,公寓(5樓含以下無電梯),無,無,105,2,1,0,2.0,2.0,1.0,一層,3,下堡
370.0,16.5,22.37,80.03%,公寓(5樓含以下無電梯),無,無,105,1,1,0,2.0,2.0,1.0,二層,3,西堡
770.0,18.1,42.58,58.05%,華廈(10層含以下有電梯),無,無,105,1,1,0,3.0,2.0,2.0,一層,3,東州
167.0,23.9,6.98,80.40%,公寓(5樓含以下無電梯),無,無,105,1,1,0,1.0,1.0,1.0,一層,3,下堡
550.0,14.4,38.28,75.50%,公寓(5樓含以下無電梯),無,無,105,1,1,1,3.0,2.0,2.0,一層,3,頂堡
910.0,13.8,65.95,80.59%,公寓(5樓含以下無電梯),無,無,105,1,1,1,7.0,2.0,2.0,"一層,地下一層",3,頂堡
550.0,16.2,33.95,70.21%,公寓(5樓含以下無電梯),無,無,105,1,1,0,4.0,0.0,3.0,二層,3,頂堡
550.0,16.2,33.95,70.21%,公寓(5樓含以下無電梯),無,無,105,1,1,0,4.0,0.0,3.0,三層,3,頂堡
590.0,18.2,32.4,77.36%,公寓(5樓含以下無電梯),無,無,105,1,1,0,3.0,2.0,2.0,三層,3,頂堡
570.0,17.6,32.4,77.36%,公寓(5樓含以下無電梯),無,無,105,1,1,0,3.0,2.0,2.0,二層,3,頂堡
570.0,21.3,26.79,85.04%,公寓(5樓含以下無電梯),無,無,105,1,1,1,3.0,2.0,2.0,一層,3,安岐
705.0,19.0,37.01,89.13%,公寓(5樓含以下無電梯),無,無,105,1,1,0,3.0,2.0,2.0,三層,3,頂堡
520.0,13.3,39.11,76.93%,公寓(5樓含以下無電梯),無,無,105,1,1,0,3.0,2.0,2.0,二層,3,下堡
520.0,13.3,39.12,76.90%,公寓(5樓含以下無電梯),無,無,105,1,1,0,3.0,2.0,2.0,二層,3,下堡
690.0,14.6,47.24,62.66%,公寓(5樓含以下無電梯),無,無,105,1,1,1,3.0,2.0,2.0,一層,3,湖下
380.0,19.1,19.93,89.82%,公寓(5樓含以下無電梯),無,無,105,1,1,0,2.0,2.0,1.0,一層,3,西堡
740.0,16.9,43.71,57.91%,華廈(10層含以下有電梯),無,無,105,1,1,0,3.0,2.0,2.0,三層,3,東州
350.0,16.4,21.36,78.54%,公寓(5樓含以下無電梯),無,無,105,1,1,0,2.0,2.0,1.0,二層,3,安岐
610.0,14.8,41.09,74.18%,公寓(5樓含以下無電梯),無,無,105,1,1,1,3.0,1.0,2.0,三層,3,下堡
553.0,14.1,39.12,76.90%,公寓(5樓含以下無電梯),無,無,105,1,1,0,3.0,2.0,2.0,,3,下堡
490.0,17.0,28.77,87.75%,公寓(5樓含以下無電梯),無,無,105,1,1,0,3.0,1.0,2.0,二層,3,安岐
500.0,17.2,29.14,85.74%,公寓(5樓含以下無電梯),無,無,105,1,1,0,3.0,2.0,2.0,二層,3,安岐
470.0,16.5,28.42,85.40%,公寓(5樓含以下無電梯),無,無,105,1,1,0,3.0,2.0,2.0,三層,3,安岐
460.0,16.0,28.77,87.75%,公寓(5樓含以下無電梯),無,無,105,1,1,0,3.0,1.0,2.0,三層,3,安岐
462.0,17.2,26.84,94.06%,公寓(5樓含以下無電梯),無,無,105,1,1,0,3.0,1.0,2.0,一層,3,安岐
620.0,24.4,25.42,88.98%,公寓(5樓含以下無電梯),無,無,105,3,1,0,3.0,2.0,2.0,三層,3,埔後
705.0,19.0,37.01,89.13%,公寓(5樓含以下無電梯),無,無,105,1,1,0,3.0,2.0,2.0,三層,3,頂堡
705.0,18.9,37.34,89.18%,公寓(5樓含以下無電梯),無,無,105,1,1,0,3.0,2.0,2.0,三層,3,頂堡
705.0,19.0,37.01,89.13%,公寓(5樓含以下無電梯),無,無,105,1,1,0,3.0,2.0,2.0,二層,3,頂堡
645.0,14.7,43.81,71.79%,公寓(5樓含以下無電梯),無,無,105,1,1,0,3.0,2.0,2.0,三層,3,下堡
525.0,12.0,43.81,71.79%,公寓(5樓含以下無電梯),無,無,105,1,1,0,3.0,2.0,2.0,二層,3,下堡
680.0,15.6,43.61,72.13%,公寓(5樓含以下無電梯),無,無,105,1,1,0,3.0,2.0,2.0,一層,3,下堡
528.0,13.5,39.11,76.93%,公寓(5樓含以下無電梯),無,無,105,1,1,0,3.0,2.0,2.0,,3,下堡
745.0,19.1,39.11,76.93%,公寓(5樓含以下無電梯),無,無,105,1,1,0,3.0,2.0,2.0,三層,3,下堡
560.0,14.3,39.11,76.93%,公寓(5樓含以下無電梯),無,無,105,1,1,0,3.0,2.0,2.0,三層,3,下堡
650.0,21.0,30.9,87.18%,公寓(5樓含以下無電梯),無,無,105,4,1,0,3.0,2.0,2.0,三層,3,湖下
420.0,19.1,21.98,82.61%,公寓(5樓含以下無電梯),無,無,105,1,1,0,2.0,2.0,2.0,二層,3,前厝
700.0,18.7,37.34,89.18%,公寓(5樓含以下無電梯),無,無,105,1,1,0,3.0,2.0,2.0,二層,3,頂堡
370.0,16.5,22.37,80.03%,公寓(5樓含以下無電梯),無,無,105,1,1,0,2.0,1.0,1.0,三層,3,西堡
690.0,17.3,39.96,74.09%,公寓(5樓含以下無電梯),無,無,105,1,1,0,3.0,2.0,2.0,三層,3,湖下
490.0,17.4,28.13,75.95%,公寓(5樓含以下無電梯),無,無,105,1,1,0,2.0,2.0,2.0,一層,3,湖下
660.0,13.6,48.42,61.14%,公寓(5樓含以下無電梯),無,無,105,1,1,1,3.0,2.0,2.0,二層,3,湖下
690.0,18.5,37.34,89.18%,公寓(5樓含以下無電梯),無,無,105,1,1,0,3.0,2.0,2.0,二層,3,頂堡
704.0,19.0,37.01,89.13%,公寓(5樓含以下無電梯),無,無,105,1,1,0,3.0,2.0,2.0,二層,3,頂堡
400.0,17.1,23.34,89.45%,公寓(5樓含以下無電梯),無,無,105,1,1,0,2.0,1.0,2.0,三層,3,前厝
800.0,25.9,30.88,75.93%,公寓(5樓含以下無電梯),無,無,105,3,1,0,3.0,1.0,2.0,一層,4,珠浦西路
720.0,21.4,33.57,94.74%,公寓(5樓含以下無電梯),無,無,105,1,1,0,3.0,2.0,2.0,一層,3,頂堡
720.0,21.7,33.25,94.73%,公寓(5樓含以下無電梯),無,無,105,1,1,0,3.0,2.0,2.0,一層,3,頂堡
770.0,23.2,33.25,94.73%,公寓(5樓含以下無電梯),無,無,105,1,1,0,3.0,2.0,2.0,一層,3,頂堡
600.0,19.4,30.9,87.18%,公寓(5樓含以下無電梯),無,無,105,4,1,0,3.0,2.0,2.0,二層,3,湖下
600.0,21.1,28.46,92.42%,公寓(5樓含以下無電梯),無,無,105,4,1,0,3.0,2.0,2.0,一層,3,湖下
600.0,19.8,30.27,86.92%,公寓(5樓含以下無電梯),無,無,105,4,1,0,3.0,2.0,2.0,三層,3,湖下
650.0,22.3,29.1,92.59%,公寓(5樓含以下無電梯),無,無,105,4,1,0,3.0,2.0,2.0,一層,3,湖下
600.0,19.8,30.27,86.92%,公寓(5樓含以下無電梯),無,無,105,4,1,0,3.0,2.0,2.0,二層,3,湖下
510.0,19.0,26.79,85.04%,公寓(5樓含以下無電梯),無,無,104,1,1,0,3.0,2.0,2.0,二層,3,安岐
780.0,18.0,43.37,57.93%,公寓(5樓含以下無電梯),無,無,104,1,1,0,3.0,2.0,2.0,三層,3,東州
788.0,18.7,42.22,58.09%,公寓(5樓含以下無電梯),無,無,104,1,1,0,3.0,2.0,2.0,二層,3,東州
770.0,18.2,42.22,58.09%,公寓(5樓含以下無電梯),無,無,104,1,1,0,2.0,2.0,1.0,三層,3,東州
750.0,17.1,43.94,57.61%,公寓(5樓含以下無電梯),無,無,104,1,1,0,3.0,2.0,2.0,二層,3,東州
730.0,17.3,42.14,58.07%,公寓(5樓含以下無電梯),無,無,104,1,1,0,3.0,2.0,2.0,一層,3,東州
505.0,12.2,41.46,63.97%,公寓(5樓含以下無電梯),無,無,104,2,1,1,3.0,2.0,2.0,一層,3,湖下
370.0,15.4,24.07,81.54%,公寓(5樓含以下無電梯),無,無,104,1,1,0,3.0,2.0,2.0,三層,3,西浦頭
480.0,19.8,24.24,85.60%,公寓(5樓含以下無電梯),無,無,104,1,1,0,3.0,2.0,2.0,一層,3,西浦頭
775.0,18.0,43.03,57.44%,公寓(5樓含以下無電梯),無,無,104,1,1,0,3.0,2.0,2.0,二層,3,東州
545.0,12.4,44.17,59.28%,公寓(5樓含以下無電梯),無,無,104,2,1,1,3.0,2.0,2.0,三層,3,湖下
688.0,20.6,33.33,83.94%,公寓(5樓含以下無電梯),無,無,104,1,1,0,3.0,2.0,2.0,二層,3,下堡
545.0,13.2,41.46,63.97%,公寓(5樓含以下無電梯),無,無,104,2,1,1,3.0,2.0,2.0,一層,3,湖下
530.0,11.9,44.13,59.34%,公寓(5樓含以下無電梯),無,無,104,2,1,1,3.0,2.0,2.0,二層,3,湖下
728.0,22.5,32.4,84.84%,公寓(5樓含以下無電梯),無,無,104,1,1,0,3.0,2.0,2.0,二層,3,埔後
730.0,19.8,36.91,83.17%,公寓(5樓含以下無電梯),無,無,104,2,1,0,3.0,2.0,2.0,一層,3,東坑
620.0,16.8,36.91,83.17%,公寓(5樓含以下無電梯),無,無,104,2,1,0,3.0,2.0,2.0,二層,3,東坑
639.9,20.7,30.93,,公寓(5樓含以下無電梯),無,無,104,1,1,0,3.0,2.0,2.0,三層,3,埔後
500.0,16.8,29.79,86.42%,公寓(5樓含以下無電梯),無,無,104,2,1,0,3.0,2.0,2.0,一層,3,頂堡
500.0,14.1,35.34,77.79%,公寓(5樓含以下無電梯),無,無,104,2,1,0,3.0,2.0,2.0,三層,3,頂堡
500.0,16.8,29.75,86.54%,公寓(5樓含以下無電梯),無,無,104,2,1,0,3.0,2.0,2.0,三層,3,頂堡
500.0,14.1,35.34,77.79%,公寓(5樓含以下無電梯),無,無,104,2,1,0,3.0,2.0,2.0,二層,3,頂堡
500.0,16.8,29.75,86.54%,公寓(5樓含以下無電梯),無,無,104,2,1,0,3.0,2.0,2.0,二層,3,頂堡
500.0,17.0,29.41,86.86%,公寓(5樓含以下無電梯),無,無,104,2,1,0,3.0,2.0,2.0,二層,3,頂堡
500.0,17.0,29.41,86.86%,公寓(5樓含以下無電梯),無,無,104,2,1,0,3.0,2.0,2.0,三層,3,頂堡
450.0,15.6,28.76,88.84%,公寓(5樓含以下無電梯),無,無,104,2,1,0,3.0,2.0,2.0,一層,3,頂堡
350.0,17.8,19.65,81.00%,公寓(5樓含以下無電梯),無,無,104,1,1,0,2.0,1.0,1.0,三層,3,安岐
620.0,14.4,43.02,58.97%,公寓(5樓含以下無電梯),無,無,104,1,1,1,3.0,1.0,2.0,一層,3,安岐
780.0,18.4,42.47,58.08%,公寓(5樓含以下無電梯),無,無,104,1,1,0,3.0,2.0,1.0,一層,3,東州
730.0,17.3,42.25,58.04%,公寓(5樓含以下無電梯),無,無,104,1,1,0,3.0,2.0,2.0,一層,3,東州
750.0,15.2,49.43,57.45%,公寓(5樓含以下無電梯),無,無,104,1,1,1,4.0,0.0,4.0,三層,3,下堡
425.0,17.0,25.02,,公寓(5樓含以下無電梯),無,無,104,1,1,0,3.0,2.0,2.0,二層,3,安岐
408.0,16.0,25.43,,公寓(5樓含以下無電梯),無,無,104,1,1,0,3.0,2.0,2.0,三層,3,安岐
380.0,14.8,25.74,90.54%,公寓(5樓含以下無電梯),無,無,104,1,1,0,3.0,2.0,2.0,二層,3,安岐
412.0,16.5,25.02,,公寓(5樓含以下無電梯),無,無,104,1,1,0,3.0,2.0,2.0,三層,3,安岐
430.0,15.7,27.34,82.60%,公寓(5樓含以下無電梯),無,無,104,1,1,0,3.0,2.0,2.0,二層,3,安岐
328.2,16.0,20.58,,公寓(5樓含以下無電梯),無,無,104,1,1,0,2.0,2.0,1.0,三層,3,安岐
399.0,15.5,25.74,90.53%,公寓(5樓含以下無電梯),無,無,104,1,1,0,3.0,2.0,2.0,一層,3,安岐
390.0,15.8,24.64,85.54%,公寓(5樓含以下無電梯),無,無,104,1,1,0,3.0,2.0,2.0,一層,3,安岐
395.0,15.3,25.74,90.54%,公寓(5樓含以下無電梯),無,無,104,1,1,0,3.0,2.0,2.0,三層,3,安岐
490.0,18.3,26.79,85.04%,公寓(5樓含以下無電梯),無,無,104,1,1,0,3.0,2.0,2.0,三層,3,安岐
490.0,18.3,26.79,85.04%,公寓(5樓含以下無電梯),無,無,104,1,1,0,3.0,2.0,2.0,三層,3,安岐
510.0,19.0,26.79,85.04%,公寓(5樓含以下無電梯),無,無,104,1,1,0,3.0,2.0,2.0,三層,3,安岐
540.0,20.2,26.79,85.04%,公寓(5樓含以下無電梯),無,無,104,1,1,0,3.0,2.0,2.0,一層,3,安岐
580.0,21.6,26.79,85.04%,公寓(5樓含以下無電梯),無,無,104,1,1,0,3.0,2.0,2.0,一層,3,安岐
530.0,19.8,26.79,85.04%,公寓(5樓含以下無電梯),無,無,104,1,1,0,3.0,2.0,2.0,二層,3,安岐
500.0,18.7,26.79,85.04%,公寓(5樓含以下無電梯),無,無,104,1,1,0,3.0,2.0,2.0,二層,3,安岐
325.0,13.7,23.64,81.15%,公寓(5樓含以下無電梯),無,無,104,1,1,0,3.0,2.0,2.0,三層,3,西浦頭
390.0,16.2,24.07,81.54%,公寓(5樓含以下無電梯),無,無,104,1,1,0,3.0,2.0,2.0,三層,3,西浦頭
370.0,15.5,23.81,85.30%,公寓(5樓含以下無電梯),無,無,104,1,1,0,3.0,2.0,2.0,一層,3,西浦頭
335.0,14.7,22.77,84.23%,公寓(5樓含以下無電梯),無,無,104,1,1,0,3.0,2.0,2.0,二層,3,西浦頭
360.0,15.8,22.77,84.23%,公寓(5樓含以下無電梯),無,無,104,1,1,0,3.0,2.0,2.0,二層,3,西浦頭
370.0,15.3,24.24,85.60%,公寓(5樓含以下無電梯),無,無,104,1,1,0,3.0,2.0,2.0,一層,3,西浦頭
370.0,15.7,23.64,81.15%,公寓(5樓含以下無電梯),無,無,104,1,1,0,3.0,2.0,2.0,三層,3,西浦頭
325.0,14.0,23.21,84.56%,公寓(5樓含以下無電梯),無,無,104,1,1,0,3.0,2.0,2.0,二層,3,西浦頭
360.0,18.7,19.25,80.74%,公寓(5樓含以下無電梯),無,無,104,1,1,0,2.0,2.0,2.0,二層,3,安岐
430.0,21.2,20.24,79.14%,公寓(5樓含以下無電梯),無,無,104,1,1,0,1.0,2.0,2.0,三層,3,仁愛新
632.0,14.2,44.53,57.43%,公寓(5樓含以下無電梯),無,無,104,1,1,1,3.0,1.0,2.0,一層,3,安岐
565.0,19.5,28.99,85.86%,公寓(5樓含以下無電梯),無,無,104,1,1,0,3.0,2.0,2.0,三層,3,昔果山
750.0,22.5,33.33,86.14%,公寓(5樓含以下無電梯),無,無,104,1,1,0,3.0,2.0,2.0,一層,3,下堡
750.0,22.5,33.33,86.14%,公寓(5樓含以下無電梯),無,無,104,1,1,0,3.0,2.0,2.0,一層,3,下堡
755.0,19.9,38.01,89.22%,公寓(5樓含以下無電梯),無,無,104,1,1,0,3.0,2.0,2.0,一層,3,下堡
785.0,21.4,36.68,91.33%,公寓(5樓含以下無電梯),無,無,104,1,1,0,3.0,2.0,2.0,一層,3,下堡
730.0,19.9,36.68,91.33%,公寓(5樓含以下無電梯),無,無,104,1,1,0,3.0,2.0,2.0,二層,3,下堡
700.0,20.8,33.65,83.19%,公寓(5樓含以下無電梯),無,無,104,1,1,0,3.0,2.0,2.0,三層,3,下埔下
790.0,24.9,31.76,88.13%,公寓(5樓含以下無電梯),有,無,104,1,1,0,3.0,2.0,2.0,一層,3,下埔下
660.0,18.2,36.35,77.00%,公寓(5樓含以下無電梯),有,無,104,1,1,0,3.0,2.0,2.0,二層,3,下埔下
400.0,10.2,39.12,67.87%,公寓(5樓含以下無電梯),無,無,103,1,2,0,3.0,2.0,2.0,一層,3,伯玉路二段
588.0,13.3,44.1,60.88%,公寓(5樓含以下無電梯),無,無,103,1,1,1,3.0,1.0,2.0,三層,3,安岐
630.0,20.5,30.67,85.76%,公寓(5樓含以下無電梯),無,無,103,1,1,0,2.0,2.0,2.0,二層,3,埔邊
545.0,13.1,41.53,64.66%,公寓(5樓含以下無電梯),無,無,103,1,1,0,3.0,1.0,2.0,二層,3,安岐
613.0,13.2,46.29,61.70%,公寓(5樓含以下無電梯),無,無,103,1,1,0,3.0,1.0,2.0,二層,3,安岐
548.3,12.7,43.02,58.97%,公寓(5樓含以下無電梯),無,無,103,1,1,1,3.0,1.0,2.0,一層,3,安岐
663.0,13.3,49.89,57.24%,公寓(5樓含以下無電梯),無,無,103,1,1,0,3.0,1.0,2.0,三層,3,安岐
565.0,16.9,33.42,86.76%,公寓(5樓含以下無電梯),無,無,103,1,1,0,3.0,1.0,3.0,三層,3,下堡
567.0,17.0,33.42,86.76%,公寓(5樓含以下無電梯),無,無,103,1,1,0,3.0,1.0,3.0,二層,3,下堡
522.0,15.5,33.69,86.86%,公寓(5樓含以下無電梯),無,無,103,1,1,0,3.0,1.0,2.0,三層,3,下堡
498.0,15.5,32.06,89.21%,公寓(5樓含以下無電梯),無,無,103,1,1,0,3.0,2.0,3.0,一層,3,下堡
488.0,14.5,33.69,86.86%,公寓(5樓含以下無電梯),無,無,103,1,1,0,3.0,1.0,2.0,二層,3,下堡
518.0,16.0,32.33,89.30%,公寓(5樓含以下無電梯),無,無,103,1,1,0,3.0,2.0,3.0,一層,3,下堡
558.0,17.0,32.92,81.39%,公寓(5樓含以下無電梯),無,無,103,1,1,0,3.0,2.0,2.0,一層,3,下堡
500.0,15.2,32.96,81.27%,公寓(5樓含以下無電梯),無,無,103,1,1,0,3.0,2.0,2.0,一層,3,下堡
400.0,13.7,29.19,86.23%,公寓(5樓含以下無電梯),無,無,103,1,1,0,3.0,2.0,2.0,一層,3,前厝
390.0,13.4,29.19,86.23%,公寓(5樓含以下無電梯),無,無,103,1,1,0,3.0,2.0,2.0,二層,3,前厝
470.0,16.1,29.19,86.23%,公寓(5樓含以下無電梯),無,無,103,1,1,0,3.0,2.0,2.0,三層,3,前厝
300.0,12.9,23.34,89.45%,公寓(5樓含以下無電梯),無,無,103,1,1,0,2.0,1.0,2.0,一層,3,前厝
355.0,15.2,23.34,89.45%,公寓(5樓含以下無電梯),無,無,103,1,1,0,2.0,1.0,2.0,二層,3,前厝
335.0,14.4,23.34,89.45%,公寓(5樓含以下無電梯),無,無,103,1,1,0,2.0,1.0,2.0,三層,3,前厝
430.0,15.0,28.6,89.36%,公寓(5樓含以下無電梯),無,無,103,1,1,0,4.0,2.0,2.0,一層,3,前厝
500.0,16.8,29.84,89.54%,公寓(5樓含以下無電梯),無,無,103,1,1,0,4.0,2.0,2.0,三層,3,前厝
450.0,20.5,21.98,82.61%,公寓(5樓含以下無電梯),無,無,103,1,1,0,2.0,1.0,2.0,二層,3,前厝
450.0,20.8,21.59,84.12%,公寓(5樓含以下無電梯),無,無,103,1,1,0,2.0,1.0,2.0,一層,3,前厝
350.0,15.9,21.98,82.61%,公寓(5樓含以下無電梯),無,無,103,1,1,0,2.0,1.0,2.0,三層,3,前厝
315.0,14.6,21.59,84.12%,公寓(5樓含以下無電梯),無,無,103,1,1,0,2.0,1.0,2.0,一層,3,前厝
330.0,15.0,21.98,82.61%,公寓(5樓含以下無電梯),無,無,103,1,1,0,2.0,1.0,2.0,二層,3,前厝
350.0,15.9,21.98,82.61%,公寓(5樓含以下無電梯),無,無,103,1,1,0,2.0,1.0,2.0,三層,3,前厝
560.0,21.8,25.73,92.02%,公寓(5樓含以下無電梯),無,無,103,1,1,0,3.0,2.0,2.0,一層,3,湖南
280.0,8.4,33.5,73.09%,公寓(5樓含以下無電梯),無,無,103,1,1,0,3.0,2.0,2.0,一層,3,湖南
650.0,18.4,35.35,84.62%,公寓(5樓含以下無電梯),無,無,103,1,1,0,3.0,2.0,3.0,二層,3,頂埔下
520.0,18.7,27.8,84.29%,公寓(5樓含以下無電梯),無,無,103,1,1,0,3.0,2.0,2.0,二層,3,湖南
530.0,18.9,28.07,84.34%,公寓(5樓含以下無電梯),無,無,103,1,1,0,3.0,2.0,2.0,二層,3,湖南
530.0,18.9,28.07,84.34%,公寓(5樓含以下無電梯),無,無,103,1,1,0,3.0,2.0,2.0,三層,3,湖南
520.0,18.7,27.8,84.29%,公寓(5樓含以下無電梯),無,無,103,1,1,0,3.0,2.0,2.0,三層,3,湖南
550.0,21.6,25.49,91.94%,公寓(5樓含以下無電梯),無,無,103,1,1,0,3.0,2.0,2.0,一層,3,湖南
1250.0,19.0,65.88,65.08%,公寓(5樓含以下無電梯),無,無,103,1,1,1,5.0,5.0,5.0,一層,3,下堡
570.0,17.1,33.29,73.56%,公寓(5樓含以下無電梯),無,無,103,1,1,0,3.0,2.0,2.0,三層,3,湖南
1200.0,8.4,142.21,65.08%,公寓(5樓含以下無電梯),無,無,103,1,1,11,5.0,5.0,5.0,三層,3,下堡
565.0,16.9,33.5,73.09%,公寓(5樓含以下無電梯),無,無,103,1,1,0,3.0,2.0,2.0,二層,3,南湖路
670.0,15.8,42.36,70.77%,公寓(5樓含以下無電梯),無,無,103,1,1,1,3.0,2.0,2.0,三層,3,下堡
611.2,11.9,51.25,68.54%,公寓(5樓含以下無電梯),無,無,103,1,1,1,4.0,4.0,4.0,一層,3,下堡
615.0,13.8,44.55,71.48%,公寓(5樓含以下無電梯),無,無,103,1,1,1,3.0,2.0,2.0,二層,3,下堡
750.0,15.2,49.43,68.79%,公寓(5樓含以下無電梯),無,無,103,1,1,1,4.0,4.0,4.0,三層,3,下堡
720.0,14.3,50.22,68.54%,公寓(5樓含以下無電梯),無,無,103,1,1,1,4.0,4.0,4.0,三層,3,下堡
434.5,14.6,29.84,69.21%,公寓(5樓含以下無電梯),無,無,103,1,1,0,3.0,2.0,2.0,一層,3,下堡
680.0,15.3,44.55,71.48%,公寓(5樓含以下無電梯),無,無,103,1,1,1,3.0,2.0,2.0,三層,3,下堡
680.0,15.3,44.55,71.48%,公寓(5樓含以下無電梯),無,無,103,1,1,1,3.0,2.0,2.0,三層,3,下堡
720.0,19.2,37.41,79.89%,公寓(5樓含以下無電梯),無,無,103,1,1,0,3.0,2.0,2.0,三層,3,埔邊
690.0,18.7,36.91,72.62%,公寓(5樓含以下無電梯),無,無,103,1,1,0,3.0,1.0,2.0,三層,3,埔邊
610.0,18.2,33.52,83.39%,公寓(5樓含以下無電梯),無,無,103,1,1,0,2.0,2.0,2.0,二層,3,埔邊
740.0,25.0,29.61,88.82%,公寓(5樓含以下無電梯),無,無,103,1,1,0,2.0,1.0,2.0,一層,3,埔邊
782.0,22.6,34.6,87.46%,公寓(5樓含以下無電梯),無,無,103,1,1,0,2.0,2.0,2.0,三層,3,埔邊
657.4,19.0,34.6,87.46%,公寓(5樓含以下無電梯),無,無,103,1,1,0,2.0,2.0,2.0,二層,3,埔邊
650.0,17.4,37.41,79.89%,公寓(5樓含以下無電梯),無,無,103,1,1,0,3.0,2.0,2.0,二層,3,埔邊
610.0,18.2,33.52,83.39%,公寓(5樓含以下無電梯),無,無,103,1,1,0,2.0,2.0,2.0,三層,3,埔邊
675.0,18.3,36.91,72.62%,公寓(5樓含以下無電梯),無,無,103,1,1,0,3.0,1.0,2.0,二層,3,埔邊
680.0,15.2,44.62,71.34%,公寓(5樓含以下無電梯),無,無,103,1,1,1,3.0,2.0,2.0,三層,3,下堡
710.0,17.8,39.84,82.44%,公寓(5樓含以下無電梯),無,無,103,1,1,0,3.0,2.0,2.0,二層,3,下埔下
470.0,14.3,32.88,84.14%,公寓(5樓含以下無電梯),無,無,102,2,1,0,3.0,2.0,2.0,二層,3,頂埔下
418.2,14.6,28.57,65.05%,公寓(5樓含以下無電梯),無,無,102,1,1,0,3.0,3.0,3.0,一層,3,下堡
515.1,14.1,36.47,71.34%,公寓(5樓含以下無電梯),無,無,102,1,1,0,2.0,2.0,1.0,二層,3,下堡
597.0,14.5,41.29,68.79%,公寓(5樓含以下無電梯),無,無,102,1,1,0,3.0,2.0,2.0,二層,3,下堡
561.0,13.0,43.1,68.54%,公寓(5樓含以下無電梯),無,無,102,1,1,0,4.0,4.0,4.0,二層,3,下堡
524.0,11.8,44.55,74.20%,公寓(5樓含以下無電梯),無,無,102,1,1,1,3.0,2.0,2.0,一層,3,下堡
535.0,12.6,42.36,70.77%,公寓(5樓含以下無電梯),無,無,102,1,1,1,2.0,2.0,1.0,二層,3,下堡
519.4,11.7,44.55,74.20%,公寓(5樓含以下無電梯),無,無,102,1,1,1,3.0,2.0,2.0,一層,3,下堡
550.0,12.3,44.62,74.05%,公寓(5樓含以下無電梯),無,無,102,1,1,1,3.0,2.0,2.0,一層,3,下堡
549.6,12.3,44.55,71.48%,公寓(5樓含以下無電梯),無,無,102,1,1,1,3.0,2.0,2.0,二層,3,下堡
529.0,12.5,42.33,73.81%,公寓(5樓含以下無電梯),無,無,102,1,1,1,3.0,2.0,2.0,一層,3,下堡
370.0,15.7,23.54,84.89%,公寓(5樓含以下無電梯),無,無,102,2,1,0,2.0,1.0,1.0,一層,3,湖埔村頂埔下
365.0,15.5,23.55,81.16%,公寓(5樓含以下無電梯),無,無,102,2,1,0,2.0,1.0,1.0,三層,3,湖埔村頂埔下
325.0,13.8,23.54,84.89%,公寓(5樓含以下無電梯),無,無,102,2,1,0,2.0,1.0,1.0,一層,3,湖埔村頂埔下
500.0,15.2,32.88,85.05%,公寓(5樓含以下無電梯),無,無,102,2,1,0,3.0,2.0,2.0,一層,3,湖埔村頂埔下
480.0,14.6,32.88,84.14%,公寓(5樓含以下無電梯),無,無,102,2,1,0,3.0,2.0,2.0,三層,3,湖埔村頂埔下
460.0,14.0,32.88,84.14%,公寓(5樓含以下無電梯),無,無,102,2,1,0,3.0,2.0,2.0,二層,3,湖埔村頂埔下
358.0,15.2,23.55,81.16%,公寓(5樓含以下無電梯),無,無,102,2,1,0,2.0,1.0,1.0,二層,3,湖埔村頂埔下
350.0,14.9,23.55,77.57%,公寓(5樓含以下無電梯),無,無,102,2,1,0,2.0,1.0,1.0,二層,3,湖埔村頂埔下
350.0,14.9,23.55,81.16%,公寓(5樓含以下無電梯),無,無,102,2,1,0,2.0,1.0,2.0,三層,3,湖埔村頂埔下
480.0,14.6,32.88,84.14%,公寓(5樓含以下無電梯),無,無,102,2,1,0,3.0,2.0,2.0,三層,3,湖埔村頂埔下
560.0,23.4,23.89,,公寓(5樓含以下無電梯),無,無,102,5,1,0,3.0,2.0,2.0,三層,3,湖下
545.0,14.7,37.07,,公寓(5樓含以下無電梯),無,無,102,5,1,0,3.0,2.0,2.0,三層,3,湖下
386.0,13.5,28.61,86.74%,公寓(5樓含以下無電梯),無,無,102,1,1,0,3.0,2.0,2.0,二層,3,仁愛新
396.0,13.8,28.61,86.74%,公寓(5樓含以下無電梯),無,無,102,1,1,0,3.0,2.0,2.0,三層,3,仁愛新
386.0,13.4,28.8,83.96%,公寓(5樓含以下無電梯),無,無,102,1,1,0,3.0,2.0,2.0,二層,3,仁愛新
770.0,12.5,61.72,81.36%,公寓(5樓含以下無電梯),無,無,102,1,2,0,3.0,2.0,2.0,三層,3,仁愛新
410.0,15.0,27.36,90.71%,公寓(5樓含以下無電梯),無,無,102,1,1,0,3.0,2.0,2.0,一層,3,仁愛新
400.0,14.5,27.55,87.78%,公寓(5樓含以下無電梯),無,無,102,1,1,0,3.0,2.0,2.0,一層,3,仁愛新
385.0,13.4,28.8,83.96%,公寓(5樓含以下無電梯),無,無,102,1,1,0,3.0,2.0,2.0,三層,3,仁愛新
535.0,15.3,34.98,82.58%,公寓(5樓含以下無電梯),無,無,102,1,1,0,3.0,2.0,2.0,三層,3,下堡
513.0,15.1,33.87,82.99%,公寓(5樓含以下無電梯),無,無,102,1,2,0,3.0,2.0,2.0,三層,3,頂堡
555.0,0.0,35.35,84.62%,公寓(5樓含以下無電梯),無,無,102,1,1,0,3.0,1.0,1.0,二層,3,頂埔下
410.0,14.8,27.67,90.75%,公寓(5樓含以下無電梯),無,無,102,1,1,0,3.0,2.0,2.0,一層,3,仁愛新
520.0,17.4,29.91,100.00%,公寓(5樓含以下無電梯),無,無,102,1,1,0,3.0,2.0,2.0,一層,3,頂埔下
